"filename", "language", "C++", "Markdown", "C", "Objective-C", "CMake", "F#", "comment", "blank", "total"
"c:\Users\msi\source\repos\LearnOpenGL\README.md", "Markdown", 0, 1, 0, 0, 0, 0, 0, 0, 1
"c:\Users\msi\source\repos\LearnOpenGL\deps\glfw-3.3.9\CMake\GenerateMappings.cmake", "CMake", 0, 0, 0, 0, 40, 0, 0, 9, 49
"c:\Users\msi\source\repos\LearnOpenGL\deps\glfw-3.3.9\CMake\i686-w64-mingw32-clang.cmake", "CMake", 0, 0, 0, 0, 12, 0, 0, 2, 14
"c:\Users\msi\source\repos\LearnOpenGL\deps\glfw-3.3.9\CMake\i686-w64-mingw32.cmake", "CMake", 0, 0, 0, 0, 12, 0, 0, 2, 14
"c:\Users\msi\source\repos\LearnOpenGL\deps\glfw-3.3.9\CMake\modules\FindEpollShim.cmake", "CMake", 0, 0, 0, 0, 14, 0, 0, 4, 18
"c:\Users\msi\source\repos\LearnOpenGL\deps\glfw-3.3.9\CMake\modules\FindOSMesa.cmake", "CMake", 0, 0, 0, 0, 14, 0, 0, 5, 19
"c:\Users\msi\source\repos\LearnOpenGL\deps\glfw-3.3.9\CMake\modules\FindWaylandProtocols.cmake", "CMake", 0, 0, 0, 0, 21, 0, 0, 6, 27
"c:\Users\msi\source\repos\LearnOpenGL\deps\glfw-3.3.9\CMake\modules\FindXKBCommon.cmake", "CMake", 0, 0, 0, 0, 27, 0, 0, 8, 35
"c:\Users\msi\source\repos\LearnOpenGL\deps\glfw-3.3.9\CMake\x86_64-w64-mingw32-clang.cmake", "CMake", 0, 0, 0, 0, 12, 0, 0, 2, 14
"c:\Users\msi\source\repos\LearnOpenGL\deps\glfw-3.3.9\CMake\x86_64-w64-mingw32.cmake", "CMake", 0, 0, 0, 0, 12, 0, 0, 2, 14
"c:\Users\msi\source\repos\LearnOpenGL\deps\glfw-3.3.9\CONTRIBUTORS.md", "Markdown", 0, 265, 0, 0, 0, 0, 0, 4, 269
"c:\Users\msi\source\repos\LearnOpenGL\deps\glfw-3.3.9\LICENSE.md", "Markdown", 0, 16, 0, 0, 0, 0, 0, 8, 24
"c:\Users\msi\source\repos\LearnOpenGL\deps\glfw-3.3.9\README.md", "Markdown", 0, 124, 0, 0, 0, 0, 0, 47, 171
"c:\Users\msi\source\repos\LearnOpenGL\deps\glfw-3.3.9\deps\getopt.c", "C", 0, 0, 109, 0, 0, 0, 89, 33, 231
"c:\Users\msi\source\repos\LearnOpenGL\deps\glfw-3.3.9\deps\getopt.h", "C++", 23, 0, 0, 0, 0, 0, 25, 10, 58
"c:\Users\msi\source\repos\LearnOpenGL\deps\glfw-3.3.9\deps\glad\gl.h", "C++", 3776, 0, 0, 0, 0, 0, 25, 40, 3841
"c:\Users\msi\source\repos\LearnOpenGL\deps\glfw-3.3.9\deps\glad\khrplatform.h", "C++", 101, 0, 0, 0, 0, 0, 154, 28, 283
"c:\Users\msi\source\repos\LearnOpenGL\deps\glfw-3.3.9\deps\glad\vk_platform.h", "C++", 42, 0, 0, 0, 0, 0, 33, 10, 85
"c:\Users\msi\source\repos\LearnOpenGL\deps\glfw-3.3.9\deps\glad\vulkan.h", "C++", 5124, 0, 0, 0, 0, 0, 38, 347, 5509
"c:\Users\msi\source\repos\LearnOpenGL\deps\glfw-3.3.9\deps\glad_gl.c", "C", 0, 0, 1752, 0, 0, 0, 0, 40, 1792
"c:\Users\msi\source\repos\LearnOpenGL\deps\glfw-3.3.9\deps\glad_vulkan.c", "C", 0, 0, 668, 0, 0, 0, 0, 66, 734
"c:\Users\msi\source\repos\LearnOpenGL\deps\glfw-3.3.9\deps\linmath.h", "C++", 496, 0, 0, 0, 0, 0, 15, 64, 575
"c:\Users\msi\source\repos\LearnOpenGL\deps\glfw-3.3.9\deps\mingw\_mingw_dxhelper.h", "C++", 102, 0, 0, 0, 0, 0, 6, 10, 118
"c:\Users\msi\source\repos\LearnOpenGL\deps\glfw-3.3.9\deps\mingw\dinput.h", "C++", 2090, 0, 0, 0, 0, 0, 188, 190, 2468
"c:\Users\msi\source\repos\LearnOpenGL\deps\glfw-3.3.9\deps\mingw\xinput.h", "C++", 128, 0, 0, 0, 0, 0, 79, 33, 240
"c:\Users\msi\source\repos\LearnOpenGL\deps\glfw-3.3.9\deps\nuklear.h", "C++", 18863, 0, 0, 0, 0, 0, 4825, 1852, 25540
"c:\Users\msi\source\repos\LearnOpenGL\deps\glfw-3.3.9\deps\nuklear_glfw_gl2.h", "C++", 311, 0, 0, 0, 0, 0, 28, 43, 382
"c:\Users\msi\source\repos\LearnOpenGL\deps\glfw-3.3.9\deps\stb_image_write.h", "C++", 1242, 0, 0, 0, 0, 0, 315, 168, 1725
"c:\Users\msi\source\repos\LearnOpenGL\deps\glfw-3.3.9\deps\tinycthread.c", "C", 0, 0, 472, 0, 0, 0, 60, 63, 595
"c:\Users\msi\source\repos\LearnOpenGL\deps\glfw-3.3.9\deps\tinycthread.h", "C++", 138, 0, 0, 0, 0, 0, 255, 51, 444
"c:\Users\msi\source\repos\LearnOpenGL\deps\glfw-3.3.9\deps\vs2008\stdint.h", "C++", 152, 0, 0, 0, 0, 0, 55, 41, 248
"c:\Users\msi\source\repos\LearnOpenGL\deps\glfw-3.3.9\examples\boing.c", "C", 0, 0, 387, 0, 0, 0, 171, 122, 680
"c:\Users\msi\source\repos\LearnOpenGL\deps\glfw-3.3.9\examples\gears.c", "C", 0, 0, 243, 0, 0, 0, 55, 63, 361
"c:\Users\msi\source\repos\LearnOpenGL\deps\glfw-3.3.9\examples\heightmap.c", "C", 0, 0, 349, 0, 0, 0, 101, 63, 513
"c:\Users\msi\source\repos\LearnOpenGL\deps\glfw-3.3.9\examples\offscreen.c", "C", 0, 0, 117, 0, 0, 0, 27, 34, 178
"c:\Users\msi\source\repos\LearnOpenGL\deps\glfw-3.3.9\examples\particles.c", "C", 0, 0, 649, 0, 0, 0, 222, 203, 1074
"c:\Users\msi\source\repos\LearnOpenGL\deps\glfw-3.3.9\examples\sharing.c", "C", 0, 0, 152, 0, 0, 0, 33, 50, 235
"c:\Users\msi\source\repos\LearnOpenGL\deps\glfw-3.3.9\examples\simple.c", "C", 0, 0, 108, 0, 0, 0, 27, 32, 167
"c:\Users\msi\source\repos\LearnOpenGL\deps\glfw-3.3.9\examples\splitview.c", "C", 0, 0, 331, 0, 0, 0, 103, 113, 547
"c:\Users\msi\source\repos\LearnOpenGL\deps\glfw-3.3.9\examples\wave.c", "C", 0, 0, 285, 0, 0, 0, 82, 96, 463
"c:\Users\msi\source\repos\LearnOpenGL\deps\glfw-3.3.9\include\GLFW\glfw3.h", "C++", 600, 0, 0, 0, 0, 0, 5083, 250, 5933
"c:\Users\msi\source\repos\LearnOpenGL\deps\glfw-3.3.9\include\GLFW\glfw3native.h", "C++", 96, 0, 0, 0, 0, 0, 495, 44, 635
"c:\Users\msi\source\repos\LearnOpenGL\deps\glfw-3.3.9\src\cocoa_init.m", "Objective-C", 0, 0, 0, 477, 0, 0, 57, 100, 634
"c:\Users\msi\source\repos\LearnOpenGL\deps\glfw-3.3.9\src\cocoa_joystick.h", "C++", 17, 0, 0, 0, 0, 0, 27, 8, 52
"c:\Users\msi\source\repos\LearnOpenGL\deps\glfw-3.3.9\src\cocoa_joystick.m", "Objective-C", 0, 0, 0, 367, 0, 0, 56, 71, 494
"c:\Users\msi\source\repos\LearnOpenGL\deps\glfw-3.3.9\src\cocoa_monitor.m", "Objective-C", 0, 0, 0, 440, 0, 0, 68, 120, 628
"c:\Users\msi\source\repos\LearnOpenGL\deps\glfw-3.3.9\src\cocoa_platform.h", "C++", 134, 0, 0, 0, 0, 0, 52, 35, 221
"c:\Users\msi\source\repos\LearnOpenGL\deps\glfw-3.3.9\src\cocoa_time.c", "C", 0, 0, 16, 0, 0, 0, 35, 12, 63
"c:\Users\msi\source\repos\LearnOpenGL\deps\glfw-3.3.9\src\cocoa_window.m", "Objective-C", 0, 0, 0, 1478, 0, 0, 105, 357, 1940
"c:\Users\msi\source\repos\LearnOpenGL\deps\glfw-3.3.9\src\context.c", "C", 0, 0, 550, 0, 0, 0, 98, 120, 768
"c:\Users\msi\source\repos\LearnOpenGL\deps\glfw-3.3.9\src\egl_context.c", "C", 0, 0, 678, 0, 0, 0, 62, 111, 851
"c:\Users\msi\source\repos\LearnOpenGL\deps\glfw-3.3.9\src\egl_context.h", "C++", 170, 0, 0, 0, 0, 0, 31, 17, 218
"c:\Users\msi\source\repos\LearnOpenGL\deps\glfw-3.3.9\src\glx_context.c", "C", 0, 0, 534, 0, 0, 0, 63, 110, 707
"c:\Users\msi\source\repos\LearnOpenGL\deps\glfw-3.3.9\src\glx_context.h", "C++", 130, 0, 0, 0, 0, 0, 33, 16, 179
"c:\Users\msi\source\repos\LearnOpenGL\deps\glfw-3.3.9\src\init.c", "C", 0, 0, 300, 0, 0, 0, 55, 72, 427
"c:\Users\msi\source\repos\LearnOpenGL\deps\glfw-3.3.9\src\input.c", "C", 0, 0, 1027, 0, 0, 0, 90, 270, 1387
"c:\Users\msi\source\repos\LearnOpenGL\deps\glfw-3.3.9\src\internal.h", "C++", 589, 0, 0, 0, 0, 0, 105, 96, 790
"c:\Users\msi\source\repos\LearnOpenGL\deps\glfw-3.3.9\src\linux_joystick.c", "C", 0, 0, 294, 0, 0, 0, 64, 80, 438
"c:\Users\msi\source\repos\LearnOpenGL\deps\glfw-3.3.9\src\linux_joystick.h", "C++", 27, 0, 0, 0, 0, 0, 29, 9, 65
"c:\Users\msi\source\repos\LearnOpenGL\deps\glfw-3.3.9\src\mappings.h", "C++", 938, 0, 0, 0, 0, 0, 58, 6, 1002
"c:\Users\msi\source\repos\LearnOpenGL\deps\glfw-3.3.9\src\monitor.c", "C", 0, 0, 364, 0, 0, 0, 69, 110, 543
"c:\Users\msi\source\repos\LearnOpenGL\deps\glfw-3.3.9\src\nsgl_context.h", "C++", 22, 0, 0, 0, 0, 0, 34, 11, 67
"c:\Users\msi\source\repos\LearnOpenGL\deps\glfw-3.3.9\src\nsgl_context.m", "Objective-C", 0, 0, 0, 244, 0, 0, 57, 75, 376
"c:\Users\msi\source\repos\LearnOpenGL\deps\glfw-3.3.9\src\null_init.c", "C", 0, 0, 14, 0, 0, 0, 31, 8, 53
"c:\Users\msi\source\repos\LearnOpenGL\deps\glfw-3.3.9\src\null_joystick.c", "C", 0, 0, 8, 0, 0, 0, 30, 7, 45
"c:\Users\msi\source\repos\LearnOpenGL\deps\glfw-3.3.9\src\null_joystick.h", "C++", 3, 0, 0, 0, 0, 0, 25, 4, 32
"c:\Users\msi\source\repos\LearnOpenGL\deps\glfw-3.3.9\src\null_monitor.c", "C", 0, 0, 34, 0, 0, 0, 31, 13, 78
"c:\Users\msi\source\repos\LearnOpenGL\deps\glfw-3.3.9\src\null_platform.h", "C++", 27, 0, 0, 0, 0, 0, 28, 8, 63
"c:\Users\msi\source\repos\LearnOpenGL\deps\glfw-3.3.9\src\null_window.c", "C", 0, 0, 239, 0, 0, 0, 32, 65, 336
"c:\Users\msi\source\repos\LearnOpenGL\deps\glfw-3.3.9\src\osmesa_context.c", "C", 0, 0, 288, 0, 0, 0, 39, 60, 387
"c:\Users\msi\source\repos\LearnOpenGL\deps\glfw-3.3.9\src\osmesa_context.h", "C++", 51, 0, 0, 0, 0, 0, 30, 12, 93
"c:\Users\msi\source\repos\LearnOpenGL\deps\glfw-3.3.9\src\posix_thread.c", "C", 0, 0, 57, 0, 0, 0, 31, 18, 106
"c:\Users\msi\source\repos\LearnOpenGL\deps\glfw-3.3.9\src\posix_thread.h", "C++", 13, 0, 0, 0, 0, 0, 30, 7, 50
"c:\Users\msi\source\repos\LearnOpenGL\deps\glfw-3.3.9\src\posix_time.c", "C", 0, 0, 40, 0, 0, 0, 36, 12, 88
"c:\Users\msi\source\repos\LearnOpenGL\deps\glfw-3.3.9\src\posix_time.h", "C++", 8, 0, 0, 0, 0, 0, 28, 8, 44
"c:\Users\msi\source\repos\LearnOpenGL\deps\glfw-3.3.9\src\vulkan.c", "C", 0, 0, 247, 0, 0, 0, 35, 53, 335
"c:\Users\msi\source\repos\LearnOpenGL\deps\glfw-3.3.9\src\wgl_context.c", "C", 0, 0, 610, 0, 0, 0, 62, 116, 788
"c:\Users\msi\source\repos\LearnOpenGL\deps\glfw-3.3.9\src\wgl_context.h", "C++", 114, 0, 0, 0, 0, 0, 32, 13, 159
"c:\Users\msi\source\repos\LearnOpenGL\deps\glfw-3.3.9\src\win32_init.c", "C", 0, 0, 467, 0, 0, 0, 80, 92, 639
"c:\Users\msi\source\repos\LearnOpenGL\deps\glfw-3.3.9\src\win32_joystick.c", "C", 0, 0, 592, 0, 0, 0, 70, 101, 763
"c:\Users\msi\source\repos\LearnOpenGL\deps\glfw-3.3.9\src\win32_joystick.h", "C++", 21, 0, 0, 0, 0, 0, 29, 8, 58
"c:\Users\msi\source\repos\LearnOpenGL\deps\glfw-3.3.9\src\win32_monitor.c", "C", 0, 0, 400, 0, 0, 0, 54, 95, 549
"c:\Users\msi\source\repos\LearnOpenGL\deps\glfw-3.3.9\src\win32_platform.h", "C++", 337, 0, 0, 0, 0, 0, 68, 56, 461
"c:\Users\msi\source\repos\LearnOpenGL\deps\glfw-3.3.9\src\win32_thread.c", "C", 0, 0, 53, 0, 0, 0, 31, 16, 100
"c:\Users\msi\source\repos\LearnOpenGL\deps\glfw-3.3.9\src\win32_time.c", "C", 0, 0, 15, 0, 0, 0, 36, 10, 61
"c:\Users\msi\source\repos\LearnOpenGL\deps\glfw-3.3.9\src\win32_window.c", "C", 0, 0, 1869, 0, 0, 0, 169, 381, 2419
"c:\Users\msi\source\repos\LearnOpenGL\deps\glfw-3.3.9\src\window.c", "C", 0, 0, 847, 0, 0, 0, 71, 184, 1102
"c:\Users\msi\source\repos\LearnOpenGL\deps\glfw-3.3.9\src\wl_init.c", "C", 0, 0, 646, 0, 0, 0, 38, 68, 752
"c:\Users\msi\source\repos\LearnOpenGL\deps\glfw-3.3.9\src\wl_monitor.c", "C", 0, 0, 191, 0, 0, 0, 38, 45, 274
"c:\Users\msi\source\repos\LearnOpenGL\deps\glfw-3.3.9\src\wl_platform.h", "C++", 434, 0, 0, 0, 0, 0, 35, 62, 531
"c:\Users\msi\source\repos\LearnOpenGL\deps\glfw-3.3.9\src\wl_window.c", "C", 0, 0, 2501, 0, 0, 0, 108, 449, 3058
"c:\Users\msi\source\repos\LearnOpenGL\deps\glfw-3.3.9\src\x11_init.c", "C", 0, 0, 1006, 0, 0, 0, 124, 145, 1275
"c:\Users\msi\source\repos\LearnOpenGL\deps\glfw-3.3.9\src\x11_monitor.c", "C", 0, 0, 460, 0, 0, 0, 56, 99, 615
"c:\Users\msi\source\repos\LearnOpenGL\deps\glfw-3.3.9\src\x11_platform.h", "C++", 334, 0, 0, 0, 0, 0, 63, 54, 451
"c:\Users\msi\source\repos\LearnOpenGL\deps\glfw-3.3.9\src\x11_window.c", "C", 0, 0, 2520, 0, 0, 0, 226, 490, 3236
"c:\Users\msi\source\repos\LearnOpenGL\deps\glfw-3.3.9\src\xkb_unicode.c", "C", 0, 0, 858, 0, 0, 0, 69, 16, 943
"c:\Users\msi\source\repos\LearnOpenGL\deps\glfw-3.3.9\src\xkb_unicode.h", "C++", 2, 0, 0, 0, 0, 0, 25, 4, 31
"c:\Users\msi\source\repos\LearnOpenGL\deps\glfw-3.3.9\tests\clipboard.c", "C", 0, 0, 92, 0, 0, 0, 28, 26, 146
"c:\Users\msi\source\repos\LearnOpenGL\deps\glfw-3.3.9\tests\cursor.c", "C", 0, 0, 371, 0, 0, 0, 34, 89, 494
"c:\Users\msi\source\repos\LearnOpenGL\deps\glfw-3.3.9\tests\empty.c", "C", 0, 0, 77, 0, 0, 0, 28, 28, 133
"c:\Users\msi\source\repos\LearnOpenGL\deps\glfw-3.3.9\tests\events.c", "C", 0, 0, 532, 0, 0, 0, 36, 83, 651
"c:\Users\msi\source\repos\LearnOpenGL\deps\glfw-3.3.9\tests\gamma.c", "C", 0, 0, 126, 0, 0, 0, 29, 31, 186
"c:\Users\msi\source\repos\LearnOpenGL\deps\glfw-3.3.9\tests\glfwinfo.c", "C", 0, 0, 810, 0, 0, 0, 27, 135, 972
"c:\Users\msi\source\repos\LearnOpenGL\deps\glfw-3.3.9\tests\icon.c", "C", 0, 0, 100, 0, 0, 0, 29, 21, 150
"c:\Users\msi\source\repos\LearnOpenGL\deps\glfw-3.3.9\tests\iconify.c", "C", 0, 0, 220, 0, 0, 0, 30, 48, 298
"c:\Users\msi\source\repos\LearnOpenGL\deps\glfw-3.3.9\tests\inputlag.c", "C", 0, 0, 221, 0, 0, 0, 30, 58, 309
"c:\Users\msi\source\repos\LearnOpenGL\deps\glfw-3.3.9\tests\joysticks.c", "C", 0, 0, 251, 0, 0, 0, 29, 65, 345
"c:\Users\msi\source\repos\LearnOpenGL\deps\glfw-3.3.9\tests\monitors.c", "C", 0, 0, 183, 0, 0, 0, 29, 49, 261
"c:\Users\msi\source\repos\LearnOpenGL\deps\glfw-3.3.9\tests\msaa.c", "C", 0, 0, 148, 0, 0, 0, 31, 42, 221
"c:\Users\msi\source\repos\LearnOpenGL\deps\glfw-3.3.9\tests\opacity.c", "C", 0, 0, 65, 0, 0, 0, 24, 20, 109
"c:\Users\msi\source\repos\LearnOpenGL\deps\glfw-3.3.9\tests\reopen.c", "C", 0, 0, 162, 0, 0, 0, 34, 45, 241
"c:\Users\msi\source\repos\LearnOpenGL\deps\glfw-3.3.9\tests\tearing.c", "C", 0, 0, 177, 0, 0, 0, 29, 45, 251
"c:\Users\msi\source\repos\LearnOpenGL\deps\glfw-3.3.9\tests\threads.c", "C", 0, 0, 95, 0, 0, 0, 29, 29, 153
"c:\Users\msi\source\repos\LearnOpenGL\deps\glfw-3.3.9\tests\timeout.c", "C", 0, 0, 52, 0, 0, 0, 28, 19, 99
"c:\Users\msi\source\repos\LearnOpenGL\deps\glfw-3.3.9\tests\title.c", "C", 0, 0, 33, 0, 0, 0, 28, 12, 73
"c:\Users\msi\source\repos\LearnOpenGL\deps\glfw-3.3.9\tests\triangle-vulkan.c", "C", 0, 0, 1687, 0, 0, 0, 134, 319, 2140
"c:\Users\msi\source\repos\LearnOpenGL\deps\glfw-3.3.9\tests\windows.c", "C", 0, 0, 120, 0, 0, 0, 28, 27, 175
"c:\Users\msi\source\repos\LearnOpenGL\include\KHR\khrplatform.h", "C++", 117, 0, 0, 0, 0, 0, 165, 30, 312
"c:\Users\msi\source\repos\LearnOpenGL\include\assimp\AssertHandler.h", "C++", 11, 0, 0, 0, 0, 0, 58, 11, 80
"c:\Users\msi\source\repos\LearnOpenGL\include\assimp\Base64.hpp", "C++", 18, 0, 0, 0, 0, 0, 62, 13, 93
"c:\Users\msi\source\repos\LearnOpenGL\include\assimp\BaseImporter.h", "C++", 126, 0, 0, 0, 0, 0, 244, 38, 408
"c:\Users\msi\source\repos\LearnOpenGL\include\assimp\Bitmap.h", "C++", 62, 0, 0, 0, 0, 0, 55, 17, 134
"c:\Users\msi\source\repos\LearnOpenGL\include\assimp\BlobIOSystem.h", "C++", 179, 0, 0, 0, 0, 0, 87, 58, 324
"c:\Users\msi\source\repos\LearnOpenGL\include\assimp\ByteSwapper.h", "C++", 173, 0, 0, 0, 0, 0, 82, 38, 293
"c:\Users\msi\source\repos\LearnOpenGL\include\assimp\ColladaMetaData.h", "C++", 9, 0, 0, 0, 0, 0, 43, 5, 57
"c:\Users\msi\source\repos\LearnOpenGL\include\assimp\Compiler\poppack1.h", "C++", 8, 0, 0, 0, 0, 0, 10, 5, 23
"c:\Users\msi\source\repos\LearnOpenGL\include\assimp\Compiler\pstdint.h", "C++", 597, 0, 0, 0, 0, 0, 259, 57, 913
"c:\Users\msi\source\repos\LearnOpenGL\include\assimp\Compiler\pushpack1.h", "C++", 19, 0, 0, 0, 0, 0, 18, 7, 44
"c:\Users\msi\source\repos\LearnOpenGL\include\assimp\CreateAnimMesh.h", "C++", 16, 0, 0, 0, 0, 0, 53, 9, 78
"c:\Users\msi\source\repos\LearnOpenGL\include\assimp\DefaultIOStream.h", "C++", 47, 0, 0, 0, 0, 0, 72, 21, 140
"c:\Users\msi\source\repos\LearnOpenGL\include\assimp\DefaultIOSystem.h", "C++", 21, 0, 0, 0, 0, 0, 64, 15, 100
"c:\Users\msi\source\repos\LearnOpenGL\include\assimp\DefaultLogger.hpp", "C++", 49, 0, 0, 0, 0, 0, 115, 30, 194
"c:\Users\msi\source\repos\LearnOpenGL\include\assimp\Exceptional.h", "C++", 92, 0, 0, 0, 0, 0, 71, 20, 183
"c:\Users\msi\source\repos\LearnOpenGL\include\assimp\Exporter.hpp", "C++", 117, 0, 0, 0, 0, 0, 331, 62, 510
"c:\Users\msi\source\repos\LearnOpenGL\include\assimp\GenericProperty.h", "C++", 70, 0, 0, 0, 0, 0, 46, 18, 134
"c:\Users\msi\source\repos\LearnOpenGL\include\assimp\GltfMaterial.h", "C++", 22, 0, 0, 0, 0, 0, 44, 9, 75
"c:\Users\msi\source\repos\LearnOpenGL\include\assimp\Hash.h", "C++", 56, 0, 0, 0, 0, 0, 55, 13, 124
"c:\Users\msi\source\repos\LearnOpenGL\include\assimp\IOStream.hpp", "C++", 39, 0, 0, 0, 0, 0, 84, 18, 141
"c:\Users\msi\source\repos\LearnOpenGL\include\assimp\IOStreamBuffer.h", "C++", 220, 0, 0, 0, 0, 0, 77, 56, 353
"c:\Users\msi\source\repos\LearnOpenGL\include\assimp\IOSystem.hpp", "C++", 110, 0, 0, 0, 0, 0, 181, 49, 340
"c:\Users\msi\source\repos\LearnOpenGL\include\assimp\Importer.hpp", "C++", 113, 0, 0, 0, 0, 0, 505, 68, 686
"c:\Users\msi\source\repos\LearnOpenGL\include\assimp\LineSplitter.h", "C++", 139, 0, 0, 0, 0, 0, 87, 45, 271
"c:\Users\msi\source\repos\LearnOpenGL\include\assimp\LogAux.h", "C++", 53, 0, 0, 0, 0, 0, 51, 14, 118
"c:\Users\msi\source\repos\LearnOpenGL\include\assimp\LogStream.hpp", "C++", 27, 0, 0, 0, 0, 0, 67, 15, 109
"c:\Users\msi\source\repos\LearnOpenGL\include\assimp\Logger.hpp", "C++", 101, 0, 0, 0, 0, 0, 158, 45, 304
"c:\Users\msi\source\repos\LearnOpenGL\include\assimp\MathFunctions.h", "C++", 39, 0, 0, 0, 0, 0, 56, 11, 106
"c:\Users\msi\source\repos\LearnOpenGL\include\assimp\MemoryIOWrapper.h", "C++", 136, 0, 0, 0, 0, 0, 68, 36, 240
"c:\Users\msi\source\repos\LearnOpenGL\include\assimp\NullLogger.hpp", "C++", 38, 0, 0, 0, 0, 0, 56, 16, 110
"c:\Users\msi\source\repos\LearnOpenGL\include\assimp\ObjMaterial.h", "C++", 14, 0, 0, 0, 0, 0, 55, 16, 85
"c:\Users\msi\source\repos\LearnOpenGL\include\assimp\ParsingUtils.h", "C++", 148, 0, 0, 0, 0, 0, 86, 39, 273
"c:\Users\msi\source\repos\LearnOpenGL\include\assimp\Profiler.h", "C++", 35, 0, 0, 0, 0, 0, 50, 17, 102
"c:\Users\msi\source\repos\LearnOpenGL\include\assimp\ProgressHandler.hpp", "C++", 33, 0, 0, 0, 0, 0, 99, 15, 147
"c:\Users\msi\source\repos\LearnOpenGL\include\assimp\RemoveComments.h", "C++", 19, 0, 0, 0, 0, 0, 65, 10, 94
"c:\Users\msi\source\repos\LearnOpenGL\include\assimp\SGSpatialSort.h", "C++", 49, 0, 0, 0, 0, 0, 87, 20, 156
"c:\Users\msi\source\repos\LearnOpenGL\include\assimp\SceneCombiner.h", "C++", 129, 0, 0, 0, 0, 0, 208, 49, 386
"c:\Users\msi\source\repos\LearnOpenGL\include\assimp\SkeletonMeshBuilder.h", "C++", 37, 0, 0, 0, 0, 0, 74, 18, 129
"c:\Users\msi\source\repos\LearnOpenGL\include\assimp\SmallVector.h", "C++", 74, 0, 0, 0, 0, 0, 66, 25, 165
"c:\Users\msi\source\repos\LearnOpenGL\include\assimp\SmoothingGroups.h", "C++", 33, 0, 0, 0, 0, 0, 65, 17, 115
"c:\Users\msi\source\repos\LearnOpenGL\include\assimp\SmoothingGroups.inl", "C++", 78, 0, 0, 0, 0, 0, 46, 18, 142
"c:\Users\msi\source\repos\LearnOpenGL\include\assimp\SpatialSort.h", "C++", 53, 0, 0, 0, 0, 0, 114, 24, 191
"c:\Users\msi\source\repos\LearnOpenGL\include\assimp\StandardShapes.h", "C++", 45, 0, 0, 0, 0, 0, 131, 31, 207
"c:\Users\msi\source\repos\LearnOpenGL\include\assimp\StreamReader.h", "C++", 167, 0, 0, 0, 0, 0, 132, 46, 345
"c:\Users\msi\source\repos\LearnOpenGL\include\assimp\StreamWriter.h", "C++", 146, 0, 0, 0, 0, 0, 114, 45, 305
"c:\Users\msi\source\repos\LearnOpenGL\include\assimp\StringComparison.h", "C++", 91, 0, 0, 0, 0, 0, 105, 29, 225
"c:\Users\msi\source\repos\LearnOpenGL\include\assimp\StringUtils.h", "C++", 130, 0, 0, 0, 0, 0, 117, 33, 280
"c:\Users\msi\source\repos\LearnOpenGL\include\assimp\Subdivision.h", "C++", 29, 0, 0, 0, 0, 0, 85, 18, 132
"c:\Users\msi\source\repos\LearnOpenGL\include\assimp\TinyFormatter.h", "C++", 82, 0, 0, 0, 0, 0, 74, 26, 182
"c:\Users\msi\source\repos\LearnOpenGL\include\assimp\Vertex.h", "C++", 175, 0, 0, 0, 0, 0, 76, 46, 297
"c:\Users\msi\source\repos\LearnOpenGL\include\assimp\XMLTools.h", "C++", 39, 0, 0, 0, 0, 0, 43, 7, 89
"c:\Users\msi\source\repos\LearnOpenGL\include\assimp\XmlParser.h", "C++", 319, 0, 0, 0, 0, 0, 160, 102, 581
"c:\Users\msi\source\repos\LearnOpenGL\include\assimp\ZipArchiveIOSystem.h", "C++", 29, 0, 0, 0, 0, 0, 52, 14, 95
"c:\Users\msi\source\repos\LearnOpenGL\include\assimp\aabb.h", "C++", 21, 0, 0, 0, 0, 0, 51, 10, 82
"c:\Users\msi\source\repos\LearnOpenGL\include\assimp\ai_assert.h", "C++", 17, 0, 0, 0, 0, 0, 48, 10, 75
"c:\Users\msi\source\repos\LearnOpenGL\include\assimp\anim.h", "C++", 263, 0, 0, 0, 0, 0, 201, 94, 558
"c:\Users\msi\source\repos\LearnOpenGL\include\assimp\camera.h", "C++", 57, 0, 0, 0, 0, 0, 152, 26, 235
"c:\Users\msi\source\repos\LearnOpenGL\include\assimp\cexport.h", "C++", 59, 0, 0, 0, 0, 0, 187, 28, 274
"c:\Users\msi\source\repos\LearnOpenGL\include\assimp\cfileio.h", "C++", 39, 0, 0, 0, 0, 0, 83, 20, 142
"c:\Users\msi\source\repos\LearnOpenGL\include\assimp\cimport.h", "C++", 330, 0, 0, 0, 0, 0, 790, 116, 1236
"c:\Users\msi\source\repos\LearnOpenGL\include\assimp\color4.h", "C++", 35, 0, 0, 0, 0, 0, 52, 15, 102
"c:\Users\msi\source\repos\LearnOpenGL\include\assimp\color4.inl", "C++", 172, 0, 0, 0, 0, 0, 66, 12, 250
"c:\Users\msi\source\repos\LearnOpenGL\include\assimp\commonMetaData.h", "C++", 11, 0, 0, 0, 0, 0, 51, 8, 70
"c:\Users\msi\source\repos\LearnOpenGL\include\assimp\config.h", "C++", 212, 0, 0, 0, 0, 0, 794, 125, 1131
"c:\Users\msi\source\repos\LearnOpenGL\include\assimp\defs.h", "C++", 159, 0, 0, 0, 0, 0, 153, 34, 346
"c:\Users\msi\source\repos\LearnOpenGL\include\assimp\fast_atof.h", "C++", 253, 0, 0, 0, 0, 0, 68, 58, 379
"c:\Users\msi\source\repos\LearnOpenGL\include\assimp\importerdesc.h", "C++", 34, 0, 0, 0, 0, 0, 100, 21, 155
"c:\Users\msi\source\repos\LearnOpenGL\include\assimp\light.h", "C++", 53, 0, 0, 0, 0, 0, 174, 32, 259
"c:\Users\msi\source\repos\LearnOpenGL\include\assimp\material.h", "C++", 636, 0, 0, 0, 0, 0, 773, 273, 1682
"c:\Users\msi\source\repos\LearnOpenGL\include\assimp\material.inl", "C++", 280, 0, 0, 0, 0, 0, 87, 40, 407
"c:\Users\msi\source\repos\LearnOpenGL\include\assimp\matrix3x3.h", "C++", 57, 0, 0, 0, 0, 0, 96, 26, 179
"c:\Users\msi\source\repos\LearnOpenGL\include\assimp\matrix3x3.inl", "C++", 244, 0, 0, 0, 0, 0, 78, 38, 360
"c:\Users\msi\source\repos\LearnOpenGL\include\assimp\matrix4x4.h", "C++", 70, 0, 0, 0, 0, 0, 167, 40, 277
"c:\Users\msi\source\repos\LearnOpenGL\include\assimp\matrix4x4.inl", "C++", 468, 0, 0, 0, 0, 0, 134, 76, 678
"c:\Users\msi\source\repos\LearnOpenGL\include\assimp\mesh.h", "C++", 454, 0, 0, 0, 0, 0, 560, 155, 1169
"c:\Users\msi\source\repos\LearnOpenGL\include\assimp\metadata.h", "C++", 401, 0, 0, 0, 0, 0, 107, 64, 572
"c:\Users\msi\source\repos\LearnOpenGL\include\assimp\pbrmaterial.h", "C++", 31, 0, 0, 0, 0, 0, 47, 12, 90
"c:\Users\msi\source\repos\LearnOpenGL\include\assimp\postprocess.h", "C++", 82, 0, 0, 0, 0, 0, 574, 54, 710
"c:\Users\msi\source\repos\LearnOpenGL\include\assimp\qnan.h", "C++", 57, 0, 0, 0, 0, 0, 90, 16, 163
"c:\Users\msi\source\repos\LearnOpenGL\include\assimp\quaternion.h", "C++", 41, 0, 0, 0, 0, 0, 77, 26, 144
"c:\Users\msi\source\repos\LearnOpenGL\include\assimp\quaternion.inl", "C++", 203, 0, 0, 0, 0, 0, 80, 29, 312
"c:\Users\msi\source\repos\LearnOpenGL\include\assimp\scene.h", "C++", 146, 0, 0, 0, 0, 0, 246, 65, 457
"c:\Users\msi\source\repos\LearnOpenGL\include\assimp\texture.h", "C++", 64, 0, 0, 0, 0, 0, 130, 29, 223
"c:\Users\msi\source\repos\LearnOpenGL\include\assimp\types.h", "C++", 263, 0, 0, 0, 0, 0, 187, 89, 539
"c:\Users\msi\source\repos\LearnOpenGL\include\assimp\vector2.h", "C++", 45, 0, 0, 0, 0, 0, 46, 19, 110
"c:\Users\msi\source\repos\LearnOpenGL\include\assimp\vector2.inl", "C++", 142, 0, 0, 0, 0, 0, 76, 31, 249
"c:\Users\msi\source\repos\LearnOpenGL\include\assimp\vector3.h", "C++", 53, 0, 0, 0, 0, 0, 79, 36, 168
"c:\Users\msi\source\repos\LearnOpenGL\include\assimp\vector3.inl", "C++", 187, 0, 0, 0, 0, 0, 85, 13, 285
"c:\Users\msi\source\repos\LearnOpenGL\include\assimp\version.h", "C++", 24, 0, 0, 0, 0, 0, 83, 16, 123
"c:\Users\msi\source\repos\LearnOpenGL\include\camera.h", "C++", 98, 0, 0, 0, 0, 0, 5, 21, 124
"c:\Users\msi\source\repos\LearnOpenGL\include\cyCore.h", "C++", 265, 0, 0, 0, 0, 0, 75, 50, 390
"c:\Users\msi\source\repos\LearnOpenGL\include\cyGL.h", "C++", 1212, 0, 0, 0, 0, 0, 358, 222, 1792
"c:\Users\msi\source\repos\LearnOpenGL\include\cyMatrix.h", "C++", 1674, 0, 0, 0, 0, 0, 469, 285, 2428
"c:\Users\msi\source\repos\LearnOpenGL\include\cyTriMesh.h", "C++", 494, 0, 0, 0, 0, 0, 58, 57, 609
"c:\Users\msi\source\repos\LearnOpenGL\include\cyVector.h", "C++", 477, 0, 0, 0, 0, 0, 101, 92, 670
"c:\Users\msi\source\repos\LearnOpenGL\include\filesystem.h", "C++", 40, 0, 0, 0, 0, 0, 1, 9, 50
"c:\Users\msi\source\repos\LearnOpenGL\include\glad\glad.h", "C++", 3575, 0, 0, 0, 0, 0, 20, 17, 3612
"c:\Users\msi\source\repos\LearnOpenGL\include\glm\common.hpp", "C++", 97, 0, 0, 0, 0, 0, 389, 54, 540
"c:\Users\msi\source\repos\LearnOpenGL\include\glm\detail\_features.hpp", "C++", 110, 0, 0, 0, 0, 0, 185, 100, 395
"c:\Users\msi\source\repos\LearnOpenGL\include\glm\detail\_fixes.hpp", "C++", 16, 0, 0, 0, 0, 0, 5, 7, 28
"c:\Users\msi\source\repos\LearnOpenGL\include\glm\detail\_noise.hpp", "C++", 67, 0, 0, 0, 0, 0, 0, 15, 82
"c:\Users\msi\source\repos\LearnOpenGL\include\glm\detail\_swizzle.hpp", "C++", 704, 0, 0, 0, 0, 0, 55, 46, 805
"c:\Users\msi\source\repos\LearnOpenGL\include\glm\detail\_swizzle_func.hpp", "C++", 648, 0, 0, 0, 0, 0, 0, 35, 683
"c:\Users\msi\source\repos\LearnOpenGL\include\glm\detail\_vectorize.hpp", "C++", 142, 0, 0, 0, 0, 0, 0, 21, 163
"c:\Users\msi\source\repos\LearnOpenGL\include\glm\detail\compute_common.hpp", "C++", 43, 0, 0, 0, 0, 0, 1, 7, 51
"c:\Users\msi\source\repos\LearnOpenGL\include\glm\detail\compute_vector_relational.hpp", "C++", 16, 0, 0, 0, 0, 0, 12, 3, 31
"c:\Users\msi\source\repos\LearnOpenGL\include\glm\detail\func_common.inl", "C++", 638, 0, 0, 0, 0, 0, 43, 112, 793
"c:\Users\msi\source\repos\LearnOpenGL\include\glm\detail\func_common_simd.inl", "C++", 195, 0, 0, 0, 0, 0, 14, 23, 232
"c:\Users\msi\source\repos\LearnOpenGL\include\glm\detail\func_exponential.inl", "C++", 123, 0, 0, 0, 0, 0, 9, 21, 153
"c:\Users\msi\source\repos\LearnOpenGL\include\glm\detail\func_exponential_simd.inl", "C++", 30, 0, 0, 0, 0, 0, 2, 6, 38
"c:\Users\msi\source\repos\LearnOpenGL\include\glm\detail\func_geometric.inl", "C++", 193, 0, 0, 0, 0, 0, 17, 34, 244
"c:\Users\msi\source\repos\LearnOpenGL\include\glm\detail\func_geometric_simd.inl", "C++", 143, 0, 0, 0, 0, 0, 2, 19, 164
"c:\Users\msi\source\repos\LearnOpenGL\include\glm\detail\func_integer.inl", "C++", 308, 0, 0, 0, 0, 0, 11, 54, 373
"c:\Users\msi\source\repos\LearnOpenGL\include\glm\detail\func_integer_simd.inl", "C++", 52, 0, 0, 0, 0, 0, 0, 14, 66
"c:\Users\msi\source\repos\LearnOpenGL\include\glm\detail\func_matrix.inl", "C++", 347, 0, 0, 0, 0, 0, 0, 52, 399
"c:\Users\msi\source\repos\LearnOpenGL\include\glm\detail\func_matrix_simd.inl", "C++", 191, 0, 0, 0, 0, 0, 24, 35, 250
"c:\Users\msi\source\repos\LearnOpenGL\include\glm\detail\func_packing.inl", "C++", 144, 0, 0, 0, 0, 0, 2, 44, 190
"c:\Users\msi\source\repos\LearnOpenGL\include\glm\detail\func_packing_simd.inl", "C++", 5, 0, 0, 0, 0, 0, 0, 2, 7
"c:\Users\msi\source\repos\LearnOpenGL\include\glm\detail\func_trigonometric.inl", "C++", 145, 0, 0, 0, 0, 0, 14, 39, 198
"c:\Users\msi\source\repos\LearnOpenGL\include\glm\detail\func_trigonometric_simd.inl", "C++", 0, 0, 0, 0, 0, 0, 0, 1, 1
"c:\Users\msi\source\repos\LearnOpenGL\include\glm\detail\func_vector_relational.inl", "C++", 78, 0, 0, 0, 0, 0, 0, 10, 88
"c:\Users\msi\source\repos\LearnOpenGL\include\glm\detail\func_vector_relational_simd.inl", "C++", 5, 0, 0, 0, 0, 0, 0, 2, 7
"c:\Users\msi\source\repos\LearnOpenGL\include\glm\detail\glm.cpp", "C++", 198, 0, 0, 0, 0, 0, 17, 49, 264
"c:\Users\msi\source\repos\LearnOpenGL\include\glm\detail\qualifier.hpp", "C++", 196, 0, 0, 0, 0, 0, 1, 34, 231
"c:\Users\msi\source\repos\LearnOpenGL\include\glm\detail\setup.hpp", "C++", 861, 0, 0, 0, 0, 0, 108, 167, 1136
"c:\Users\msi\source\repos\LearnOpenGL\include\glm\detail\type_float.hpp", "C++", 51, 0, 0, 0, 0, 0, 3, 15, 69
"c:\Users\msi\source\repos\LearnOpenGL\include\glm\detail\type_half.hpp", "C++", 11, 0, 0, 0, 0, 0, 0, 6, 17
"c:\Users\msi\source\repos\LearnOpenGL\include\glm\detail\type_half.inl", "C++", 121, 0, 0, 0, 0, 0, 80, 41, 242
"c:\Users\msi\source\repos\LearnOpenGL\include\glm\detail\type_mat2x2.hpp", "C++", 120, 0, 0, 0, 0, 0, 11, 47, 178
"c:\Users\msi\source\repos\LearnOpenGL\include\glm\detail\type_mat2x2.inl", "C++", 465, 0, 0, 0, 0, 0, 9, 63, 537
"c:\Users\msi\source\repos\LearnOpenGL\include\glm\detail\type_mat2x3.hpp", "C++", 107, 0, 0, 0, 0, 0, 11, 42, 160
"c:\Users\msi\source\repos\LearnOpenGL\include\glm\detail\type_mat2x3.inl", "C++", 445, 0, 0, 0, 0, 0, 9, 57, 511
"c:\Users\msi\source\repos\LearnOpenGL\include\glm\detail\type_mat2x4.hpp", "C++", 109, 0, 0, 0, 0, 0, 11, 42, 162
"c:\Users\msi\source\repos\LearnOpenGL\include\glm\detail\type_mat2x4.inl", "C++", 455, 0, 0, 0, 0, 0, 9, 57, 521
"c:\Users\msi\source\repos\LearnOpenGL\include\glm\detail\type_mat3x2.hpp", "C++", 114, 0, 0, 0, 0, 0, 11, 43, 168
"c:\Users\msi\source\repos\LearnOpenGL\include\glm\detail\type_mat3x2.inl", "C++", 467, 0, 0, 0, 0, 0, 9, 57, 533
"c:\Users\msi\source\repos\LearnOpenGL\include\glm\detail\type_mat3x3.hpp", "C++", 127, 0, 0, 0, 0, 0, 11, 47, 185
"c:\Users\msi\source\repos\LearnOpenGL\include\glm\detail\type_mat3x3.inl", "C++", 528, 0, 0, 0, 0, 0, 9, 65, 602
"c:\Users\msi\source\repos\LearnOpenGL\include\glm\detail\type_mat3x4.hpp", "C++", 114, 0, 0, 0, 0, 0, 11, 42, 167
"c:\Users\msi\source\repos\LearnOpenGL\include\glm\detail\type_mat3x4.inl", "C++", 513, 0, 0, 0, 0, 0, 9, 57, 579
"c:\Users\msi\source\repos\LearnOpenGL\include\glm\detail\type_mat4x2.hpp", "C++", 119, 0, 0, 0, 0, 0, 11, 42, 172
"c:\Users\msi\source\repos\LearnOpenGL\include\glm\detail\type_mat4x2.inl", "C++", 509, 0, 0, 0, 0, 0, 9, 57, 575
"c:\Users\msi\source\repos\LearnOpenGL\include\glm\detail\type_mat4x3.hpp", "C++", 119, 0, 0, 0, 0, 0, 11, 42, 172
"c:\Users\msi\source\repos\LearnOpenGL\include\glm\detail\type_mat4x3.inl", "C++", 533, 0, 0, 0, 0, 0, 9, 57, 599
"c:\Users\msi\source\repos\LearnOpenGL\include\glm\detail\type_mat4x4.hpp", "C++", 132, 0, 0, 0, 0, 0, 11, 47, 190
"c:\Users\msi\source\repos\LearnOpenGL\include\glm\detail\type_mat4x4.inl", "C++", 598, 0, 0, 0, 0, 0, 36, 73, 707
"c:\Users\msi\source\repos\LearnOpenGL\include\glm\detail\type_mat4x4_simd.inl", "C++", 3, 0, 0, 0, 0, 0, 1, 3, 7
"c:\Users\msi\source\repos\LearnOpenGL\include\glm\detail\type_quat.hpp", "C++", 121, 0, 0, 0, 0, 0, 22, 44, 187
"c:\Users\msi\source\repos\LearnOpenGL\include\glm\detail\type_quat.inl", "C++", 321, 0, 0, 0, 0, 0, 29, 59, 409
"c:\Users\msi\source\repos\LearnOpenGL\include\glm\detail\type_quat_simd.inl", "C++", 117, 0, 0, 0, 0, 0, 55, 17, 189
"c:\Users\msi\source\repos\LearnOpenGL\include\glm\detail\type_vec1.hpp", "C++", 194, 0, 0, 0, 0, 0, 47, 68, 309
"c:\Users\msi\source\repos\LearnOpenGL\include\glm\detail\type_vec1.inl", "C++", 453, 0, 0, 0, 0, 0, 13, 86, 552
"c:\Users\msi\source\repos\LearnOpenGL\include\glm\detail\type_vec2.hpp", "C++", 285, 0, 0, 0, 0, 0, 21, 94, 400
"c:\Users\msi\source\repos\LearnOpenGL\include\glm\detail\type_vec2.inl", "C++", 779, 0, 0, 0, 0, 0, 13, 122, 914
"c:\Users\msi\source\repos\LearnOpenGL\include\glm\detail\type_vec3.hpp", "C++", 313, 0, 0, 0, 0, 0, 24, 96, 433
"c:\Users\msi\source\repos\LearnOpenGL\include\glm\detail\type_vec3.inl", "C++", 927, 0, 0, 0, 0, 0, 13, 129, 1069
"c:\Users\msi\source\repos\LearnOpenGL\include\glm\detail\type_vec4.hpp", "C++", 369, 0, 0, 0, 0, 0, 36, 101, 506
"c:\Users\msi\source\repos\LearnOpenGL\include\glm\detail\type_vec4.inl", "C++", 966, 0, 0, 0, 0, 0, 13, 162, 1141
"c:\Users\msi\source\repos\LearnOpenGL\include\glm\detail\type_vec4_simd.inl", "C++", 681, 0, 0, 0, 0, 0, 2, 93, 776
"c:\Users\msi\source\repos\LearnOpenGL\include\glm\exponential.hpp", "C++", 24, 0, 0, 0, 0, 0, 74, 13, 111
"c:\Users\msi\source\repos\LearnOpenGL\include\glm\ext.hpp", "C++", 227, 0, 0, 0, 0, 0, 3, 24, 254
"c:\Users\msi\source\repos\LearnOpenGL\include\glm\ext\matrix_clip_space.hpp", "C++", 137, 0, 0, 0, 0, 0, 336, 50, 523
"c:\Users\msi\source\repos\LearnOpenGL\include\glm\ext\matrix_clip_space.inl", "C++", 492, 0, 0, 0, 0, 0, 1, 63, 556
"c:\Users\msi\source\repos\LearnOpenGL\include\glm\ext\matrix_common.hpp", "C++", 14, 0, 0, 0, 0, 0, 14, 9, 37
"c:\Users\msi\source\repos\LearnOpenGL\include\glm\ext\matrix_common.inl", "C++", 14, 0, 0, 0, 0, 0, 0, 3, 17
"c:\Users\msi\source\repos\LearnOpenGL\include\glm\ext\matrix_double2x2.hpp", "C++", 7, 0, 0, 0, 0, 0, 11, 6, 24
"c:\Users\msi\source\repos\LearnOpenGL\include\glm\ext\matrix_double2x2_precision.hpp", "C++", 11, 0, 0, 0, 0, 0, 29, 10, 50
"c:\Users\msi\source\repos\LearnOpenGL\include\glm\ext\matrix_double2x3.hpp", "C++", 6, 0, 0, 0, 0, 0, 8, 5, 19
"c:\Users\msi\source\repos\LearnOpenGL\include\glm\ext\matrix_double2x3_precision.hpp", "C++", 8, 0, 0, 0, 0, 0, 17, 7, 32
"c:\Users\msi\source\repos\LearnOpenGL\include\glm\ext\matrix_double2x4.hpp", "C++", 6, 0, 0, 0, 0, 0, 8, 5, 19
"c:\Users\msi\source\repos\LearnOpenGL\include\glm\ext\matrix_double2x4_precision.hpp", "C++", 8, 0, 0, 0, 0, 0, 17, 7, 32
"c:\Users\msi\source\repos\LearnOpenGL\include\glm\ext\matrix_double3x2.hpp", "C++", 6, 0, 0, 0, 0, 0, 8, 5, 19
"c:\Users\msi\source\repos\LearnOpenGL\include\glm\ext\matrix_double3x2_precision.hpp", "C++", 8, 0, 0, 0, 0, 0, 17, 7, 32
"c:\Users\msi\source\repos\LearnOpenGL\include\glm\ext\matrix_double3x3.hpp", "C++", 7, 0, 0, 0, 0, 0, 11, 6, 24
"c:\Users\msi\source\repos\LearnOpenGL\include\glm\ext\matrix_double3x3_precision.hpp", "C++", 11, 0, 0, 0, 0, 0, 29, 10, 50
"c:\Users\msi\source\repos\LearnOpenGL\include\glm\ext\matrix_double3x4.hpp", "C++", 6, 0, 0, 0, 0, 0, 8, 5, 19
"c:\Users\msi\source\repos\LearnOpenGL\include\glm\ext\matrix_double3x4_precision.hpp", "C++", 8, 0, 0, 0, 0, 0, 17, 7, 32
"c:\Users\msi\source\repos\LearnOpenGL\include\glm\ext\matrix_double4x2.hpp", "C++", 6, 0, 0, 0, 0, 0, 8, 5, 19
"c:\Users\msi\source\repos\LearnOpenGL\include\glm\ext\matrix_double4x2_precision.hpp", "C++", 8, 0, 0, 0, 0, 0, 17, 7, 32
"c:\Users\msi\source\repos\LearnOpenGL\include\glm\ext\matrix_double4x3.hpp", "C++", 6, 0, 0, 0, 0, 0, 8, 5, 19
"c:\Users\msi\source\repos\LearnOpenGL\include\glm\ext\matrix_double4x3_precision.hpp", "C++", 8, 0, 0, 0, 0, 0, 17, 7, 32
"c:\Users\msi\source\repos\LearnOpenGL\include\glm\ext\matrix_double4x4.hpp", "C++", 7, 0, 0, 0, 0, 0, 11, 6, 24
"c:\Users\msi\source\repos\LearnOpenGL\include\glm\ext\matrix_double4x4_precision.hpp", "C++", 11, 0, 0, 0, 0, 0, 29, 10, 50
"c:\Users\msi\source\repos\LearnOpenGL\include\glm\ext\matrix_float2x2.hpp", "C++", 7, 0, 0, 0, 0, 0, 11, 6, 24
"c:\Users\msi\source\repos\LearnOpenGL\include\glm\ext\matrix_float2x2_precision.hpp", "C++", 11, 0, 0, 0, 0, 0, 29, 10, 50
"c:\Users\msi\source\repos\LearnOpenGL\include\glm\ext\matrix_float2x3.hpp", "C++", 6, 0, 0, 0, 0, 0, 8, 5, 19
"c:\Users\msi\source\repos\LearnOpenGL\include\glm\ext\matrix_float2x3_precision.hpp", "C++", 8, 0, 0, 0, 0, 0, 17, 7, 32
"c:\Users\msi\source\repos\LearnOpenGL\include\glm\ext\matrix_float2x4.hpp", "C++", 6, 0, 0, 0, 0, 0, 8, 5, 19
"c:\Users\msi\source\repos\LearnOpenGL\include\glm\ext\matrix_float2x4_precision.hpp", "C++", 8, 0, 0, 0, 0, 0, 17, 7, 32
"c:\Users\msi\source\repos\LearnOpenGL\include\glm\ext\matrix_float3x2.hpp", "C++", 6, 0, 0, 0, 0, 0, 8, 5, 19
"c:\Users\msi\source\repos\LearnOpenGL\include\glm\ext\matrix_float3x2_precision.hpp", "C++", 8, 0, 0, 0, 0, 0, 17, 7, 32
"c:\Users\msi\source\repos\LearnOpenGL\include\glm\ext\matrix_float3x3.hpp", "C++", 7, 0, 0, 0, 0, 0, 11, 6, 24
"c:\Users\msi\source\repos\LearnOpenGL\include\glm\ext\matrix_float3x3_precision.hpp", "C++", 11, 0, 0, 0, 0, 0, 29, 10, 50
"c:\Users\msi\source\repos\LearnOpenGL\include\glm\ext\matrix_float3x4.hpp", "C++", 6, 0, 0, 0, 0, 0, 8, 5, 19
"c:\Users\msi\source\repos\LearnOpenGL\include\glm\ext\matrix_float3x4_precision.hpp", "C++", 8, 0, 0, 0, 0, 0, 17, 7, 32
"c:\Users\msi\source\repos\LearnOpenGL\include\glm\ext\matrix_float4x2.hpp", "C++", 6, 0, 0, 0, 0, 0, 8, 5, 19
"c:\Users\msi\source\repos\LearnOpenGL\include\glm\ext\matrix_float4x2_precision.hpp", "C++", 8, 0, 0, 0, 0, 0, 17, 7, 32
"c:\Users\msi\source\repos\LearnOpenGL\include\glm\ext\matrix_float4x3.hpp", "C++", 6, 0, 0, 0, 0, 0, 8, 5, 19
"c:\Users\msi\source\repos\LearnOpenGL\include\glm\ext\matrix_float4x3_precision.hpp", "C++", 8, 0, 0, 0, 0, 0, 17, 7, 32
"c:\Users\msi\source\repos\LearnOpenGL\include\glm\ext\matrix_float4x4.hpp", "C++", 7, 0, 0, 0, 0, 0, 11, 6, 24
"c:\Users\msi\source\repos\LearnOpenGL\include\glm\ext\matrix_float4x4_precision.hpp", "C++", 11, 0, 0, 0, 0, 0, 29, 10, 50
"c:\Users\msi\source\repos\LearnOpenGL\include\glm\ext\matrix_int2x2.hpp", "C++", 10, 0, 0, 0, 0, 0, 21, 8, 39
"c:\Users\msi\source\repos\LearnOpenGL\include\glm\ext\matrix_int2x2_sized.hpp", "C++", 17, 0, 0, 0, 0, 0, 39, 15, 71
"c:\Users\msi\source\repos\LearnOpenGL\include\glm\ext\matrix_int2x3.hpp", "C++", 9, 0, 0, 0, 0, 0, 18, 7, 34
"c:\Users\msi\source\repos\LearnOpenGL\include\glm\ext\matrix_int2x3_sized.hpp", "C++", 13, 0, 0, 0, 0, 0, 27, 10, 50
"c:\Users\msi\source\repos\LearnOpenGL\include\glm\ext\matrix_int2x4.hpp", "C++", 9, 0, 0, 0, 0, 0, 18, 7, 34
"c:\Users\msi\source\repos\LearnOpenGL\include\glm\ext\matrix_int2x4_sized.hpp", "C++", 13, 0, 0, 0, 0, 0, 27, 10, 50
"c:\Users\msi\source\repos\LearnOpenGL\include\glm\ext\matrix_int3x2.hpp", "C++", 9, 0, 0, 0, 0, 0, 18, 7, 34
"c:\Users\msi\source\repos\LearnOpenGL\include\glm\ext\matrix_int3x2_sized.hpp", "C++", 13, 0, 0, 0, 0, 0, 27, 10, 50
"c:\Users\msi\source\repos\LearnOpenGL\include\glm\ext\matrix_int3x3.hpp", "C++", 10, 0, 0, 0, 0, 0, 21, 8, 39
"c:\Users\msi\source\repos\LearnOpenGL\include\glm\ext\matrix_int3x3_sized.hpp", "C++", 17, 0, 0, 0, 0, 0, 39, 15, 71
"c:\Users\msi\source\repos\LearnOpenGL\include\glm\ext\matrix_int3x4.hpp", "C++", 9, 0, 0, 0, 0, 0, 18, 7, 34
"c:\Users\msi\source\repos\LearnOpenGL\include\glm\ext\matrix_int3x4_sized.hpp", "C++", 13, 0, 0, 0, 0, 0, 27, 10, 50
"c:\Users\msi\source\repos\LearnOpenGL\include\glm\ext\matrix_int4x2.hpp", "C++", 9, 0, 0, 0, 0, 0, 18, 7, 34
"c:\Users\msi\source\repos\LearnOpenGL\include\glm\ext\matrix_int4x2_sized.hpp", "C++", 13, 0, 0, 0, 0, 0, 27, 10, 50
"c:\Users\msi\source\repos\LearnOpenGL\include\glm\ext\matrix_int4x3.hpp", "C++", 9, 0, 0, 0, 0, 0, 18, 7, 34
"c:\Users\msi\source\repos\LearnOpenGL\include\glm\ext\matrix_int4x3_sized.hpp", "C++", 13, 0, 0, 0, 0, 0, 27, 10, 50
"c:\Users\msi\source\repos\LearnOpenGL\include\glm\ext\matrix_int4x4.hpp", "C++", 10, 0, 0, 0, 0, 0, 21, 8, 39
"c:\Users\msi\source\repos\LearnOpenGL\include\glm\ext\matrix_int4x4_sized.hpp", "C++", 17, 0, 0, 0, 0, 0, 39, 15, 71
"c:\Users\msi\source\repos\LearnOpenGL\include\glm\ext\matrix_projection.hpp", "C++", 33, 0, 0, 0, 0, 0, 103, 14, 150
"c:\Users\msi\source\repos\LearnOpenGL\include\glm\ext\matrix_projection.inl", "C++", 85, 0, 0, 0, 0, 0, 1, 21, 107
"c:\Users\msi\source\repos\LearnOpenGL\include\glm\ext\matrix_relational.hpp", "C++", 29, 0, 0, 0, 0, 0, 87, 17, 133
"c:\Users\msi\source\repos\LearnOpenGL\include\glm\ext\matrix_relational.inl", "C++", 67, 0, 0, 0, 0, 0, 3, 13, 83
"c:\Users\msi\source\repos\LearnOpenGL\include\glm\ext\matrix_transform.hpp", "C++", 32, 0, 0, 0, 0, 0, 99, 14, 145
"c:\Users\msi\source\repos\LearnOpenGL\include\glm\ext\matrix_transform.inl", "C++", 132, 0, 0, 0, 0, 0, 0, 21, 153
"c:\Users\msi\source\repos\LearnOpenGL\include\glm\ext\matrix_uint2x2.hpp", "C++", 10, 0, 0, 0, 0, 0, 21, 8, 39
"c:\Users\msi\source\repos\LearnOpenGL\include\glm\ext\matrix_uint2x2_sized.hpp", "C++", 17, 0, 0, 0, 0, 0, 39, 15, 71
"c:\Users\msi\source\repos\LearnOpenGL\include\glm\ext\matrix_uint2x3.hpp", "C++", 9, 0, 0, 0, 0, 0, 18, 7, 34
"c:\Users\msi\source\repos\LearnOpenGL\include\glm\ext\matrix_uint2x3_sized.hpp", "C++", 13, 0, 0, 0, 0, 0, 27, 10, 50
"c:\Users\msi\source\repos\LearnOpenGL\include\glm\ext\matrix_uint2x4.hpp", "C++", 9, 0, 0, 0, 0, 0, 18, 7, 34
"c:\Users\msi\source\repos\LearnOpenGL\include\glm\ext\matrix_uint2x4_sized.hpp", "C++", 13, 0, 0, 0, 0, 0, 27, 10, 50
"c:\Users\msi\source\repos\LearnOpenGL\include\glm\ext\matrix_uint3x2.hpp", "C++", 9, 0, 0, 0, 0, 0, 18, 7, 34
"c:\Users\msi\source\repos\LearnOpenGL\include\glm\ext\matrix_uint3x2_sized.hpp", "C++", 13, 0, 0, 0, 0, 0, 27, 10, 50
"c:\Users\msi\source\repos\LearnOpenGL\include\glm\ext\matrix_uint3x3.hpp", "C++", 10, 0, 0, 0, 0, 0, 21, 8, 39
"c:\Users\msi\source\repos\LearnOpenGL\include\glm\ext\matrix_uint3x3_sized.hpp", "C++", 17, 0, 0, 0, 0, 0, 39, 15, 71
"c:\Users\msi\source\repos\LearnOpenGL\include\glm\ext\matrix_uint3x4.hpp", "C++", 9, 0, 0, 0, 0, 0, 18, 7, 34
"c:\Users\msi\source\repos\LearnOpenGL\include\glm\ext\matrix_uint3x4_sized.hpp", "C++", 13, 0, 0, 0, 0, 0, 27, 10, 50
"c:\Users\msi\source\repos\LearnOpenGL\include\glm\ext\matrix_uint4x2.hpp", "C++", 9, 0, 0, 0, 0, 0, 18, 7, 34
"c:\Users\msi\source\repos\LearnOpenGL\include\glm\ext\matrix_uint4x2_sized.hpp", "C++", 13, 0, 0, 0, 0, 0, 27, 10, 50
"c:\Users\msi\source\repos\LearnOpenGL\include\glm\ext\matrix_uint4x3.hpp", "C++", 9, 0, 0, 0, 0, 0, 18, 7, 34
"c:\Users\msi\source\repos\LearnOpenGL\include\glm\ext\matrix_uint4x3_sized.hpp", "C++", 13, 0, 0, 0, 0, 0, 27, 10, 50
"c:\Users\msi\source\repos\LearnOpenGL\include\glm\ext\matrix_uint4x4.hpp", "C++", 10, 0, 0, 0, 0, 0, 21, 8, 39
"c:\Users\msi\source\repos\LearnOpenGL\include\glm\ext\matrix_uint4x4_sized.hpp", "C++", 17, 0, 0, 0, 0, 0, 39, 15, 71
"c:\Users\msi\source\repos\LearnOpenGL\include\glm\ext\quaternion_common.hpp", "C++", 30, 0, 0, 0, 0, 0, 91, 15, 136
"c:\Users\msi\source\repos\LearnOpenGL\include\glm\ext\quaternion_common.inl", "C++", 107, 0, 0, 0, 0, 0, 14, 24, 145
"c:\Users\msi\source\repos\LearnOpenGL\include\glm\ext\quaternion_common_simd.inl", "C++", 15, 0, 0, 0, 0, 0, 0, 4, 19
"c:\Users\msi\source\repos\LearnOpenGL\include\glm\ext\quaternion_double.hpp", "C++", 9, 0, 0, 0, 0, 0, 23, 8, 40
"c:\Users\msi\source\repos\LearnOpenGL\include\glm\ext\quaternion_double_precision.hpp", "C++", 11, 0, 0, 0, 0, 0, 22, 10, 43
"c:\Users\msi\source\repos\LearnOpenGL\include\glm\ext\quaternion_exponential.hpp", "C++", 20, 0, 0, 0, 0, 0, 33, 11, 64
"c:\Users\msi\source\repos\LearnOpenGL\include\glm\ext\quaternion_exponential.inl", "C++", 64, 0, 0, 0, 0, 0, 8, 14, 86
"c:\Users\msi\source\repos\LearnOpenGL\include\glm\ext\quaternion_float.hpp", "C++", 9, 0, 0, 0, 0, 0, 23, 8, 40
"c:\Users\msi\source\repos\LearnOpenGL\include\glm\ext\quaternion_float_precision.hpp", "C++", 11, 0, 0, 0, 0, 0, 16, 10, 37
"c:\Users\msi\source\repos\LearnOpenGL\include\glm\ext\quaternion_geometric.hpp", "C++", 19, 0, 0, 0, 0, 0, 41, 11, 71
"c:\Users\msi\source\repos\LearnOpenGL\include\glm\ext\quaternion_geometric.inl", "C++", 32, 0, 0, 0, 0, 0, 0, 5, 37
"c:\Users\msi\source\repos\LearnOpenGL\include\glm\ext\quaternion_relational.hpp", "C++", 17, 0, 0, 0, 0, 0, 35, 11, 63
"c:\Users\msi\source\repos\LearnOpenGL\include\glm\ext\quaternion_relational.inl", "C++", 31, 0, 0, 0, 0, 0, 0, 5, 36
"c:\Users\msi\source\repos\LearnOpenGL\include\glm\ext\quaternion_transform.hpp", "C++", 13, 0, 0, 0, 0, 0, 28, 7, 48
"c:\Users\msi\source\repos\LearnOpenGL\include\glm\ext\quaternion_transform.inl", "C++", 19, 0, 0, 0, 0, 0, 1, 5, 25
"c:\Users\msi\source\repos\LearnOpenGL\include\glm\ext\quaternion_trigonometric.hpp", "C++", 19, 0, 0, 0, 0, 0, 35, 10, 64
"c:\Users\msi\source\repos\LearnOpenGL\include\glm\ext\quaternion_trigonometric.inl", "C++", 29, 0, 0, 0, 0, 0, 0, 6, 35
"c:\Users\msi\source\repos\LearnOpenGL\include\glm\ext\scalar_common.hpp", "C++", 39, 0, 0, 0, 0, 0, 97, 22, 158
"c:\Users\msi\source\repos\LearnOpenGL\include\glm\ext\scalar_common.inl", "C++", 130, 0, 0, 0, 0, 0, 1, 22, 153
"c:\Users\msi\source\repos\LearnOpenGL\include\glm\ext\scalar_constants.hpp", "C++", 15, 0, 0, 0, 0, 0, 16, 10, 41
"c:\Users\msi\source\repos\LearnOpenGL\include\glm\ext\scalar_constants.inl", "C++", 21, 0, 0, 0, 0, 0, 0, 4, 25
"c:\Users\msi\source\repos\LearnOpenGL\include\glm\ext\scalar_int_sized.hpp", "C++", 38, 0, 0, 0, 0, 0, 18, 15, 71
"c:\Users\msi\source\repos\LearnOpenGL\include\glm\ext\scalar_integer.hpp", "C++", 29, 0, 0, 0, 0, 0, 50, 14, 93
"c:\Users\msi\source\repos\LearnOpenGL\include\glm\ext\scalar_integer.inl", "C++", 208, 0, 0, 0, 0, 0, 0, 36, 244
"c:\Users\msi\source\repos\LearnOpenGL\include\glm\ext\scalar_packing.hpp", "C++", 9, 0, 0, 0, 0, 0, 16, 8, 33
"c:\Users\msi\source\repos\LearnOpenGL\include\glm\ext\scalar_packing.inl", "C++", 0, 0, 0, 0, 0, 0, 0, 1, 1
"c:\Users\msi\source\repos\LearnOpenGL\include\glm\ext\scalar_relational.hpp", "C++", 17, 0, 0, 0, 0, 0, 39, 10, 66
"c:\Users\msi\source\repos\LearnOpenGL\include\glm\ext\scalar_relational.inl", "C++", 32, 0, 0, 0, 0, 0, 2, 7, 41
"c:\Users\msi\source\repos\LearnOpenGL\include\glm\ext\scalar_uint_sized.hpp", "C++", 38, 0, 0, 0, 0, 0, 18, 15, 71
"c:\Users\msi\source\repos\LearnOpenGL\include\glm\ext\scalar_ulp.hpp", "C++", 21, 0, 0, 0, 0, 0, 42, 12, 75
"c:\Users\msi\source\repos\LearnOpenGL\include\glm\ext\scalar_ulp.inl", "C++", 250, 0, 0, 0, 0, 0, 7, 28, 285
"c:\Users\msi\source\repos\LearnOpenGL\include\glm\ext\vector_bool1.hpp", "C++", 9, 0, 0, 0, 0, 0, 15, 7, 31
"c:\Users\msi\source\repos\LearnOpenGL\include\glm\ext\vector_bool1_precision.hpp", "C++", 11, 0, 0, 0, 0, 0, 15, 9, 35
"c:\Users\msi\source\repos\LearnOpenGL\include\glm\ext\vector_bool2.hpp", "C++", 6, 0, 0, 0, 0, 0, 8, 5, 19
"c:\Users\msi\source\repos\LearnOpenGL\include\glm\ext\vector_bool2_precision.hpp", "C++", 8, 0, 0, 0, 0, 0, 17, 7, 32
"c:\Users\msi\source\repos\LearnOpenGL\include\glm\ext\vector_bool3.hpp", "C++", 6, 0, 0, 0, 0, 0, 8, 5, 19
"c:\Users\msi\source\repos\LearnOpenGL\include\glm\ext\vector_bool3_precision.hpp", "C++", 8, 0, 0, 0, 0, 0, 17, 7, 32
"c:\Users\msi\source\repos\LearnOpenGL\include\glm\ext\vector_bool4.hpp", "C++", 6, 0, 0, 0, 0, 0, 8, 5, 19
"c:\Users\msi\source\repos\LearnOpenGL\include\glm\ext\vector_bool4_precision.hpp", "C++", 8, 0, 0, 0, 0, 0, 17, 7, 32
"c:\Users\msi\source\repos\LearnOpenGL\include\glm\ext\vector_common.hpp", "C++", 46, 0, 0, 0, 0, 0, 134, 25, 205
"c:\Users\msi\source\repos\LearnOpenGL\include\glm\ext\vector_common.inl", "C++", 111, 0, 0, 0, 0, 0, 0, 19, 130
"c:\Users\msi\source\repos\LearnOpenGL\include\glm\ext\vector_double1.hpp", "C++", 9, 0, 0, 0, 0, 0, 16, 7, 32
"c:\Users\msi\source\repos\LearnOpenGL\include\glm\ext\vector_double1_precision.hpp", "C++", 11, 0, 0, 0, 0, 0, 17, 9, 37
"c:\Users\msi\source\repos\LearnOpenGL\include\glm\ext\vector_double2.hpp", "C++", 6, 0, 0, 0, 0, 0, 8, 5, 19
"c:\Users\msi\source\repos\LearnOpenGL\include\glm\ext\vector_double2_precision.hpp", "C++", 8, 0, 0, 0, 0, 0, 17, 7, 32
"c:\Users\msi\source\repos\LearnOpenGL\include\glm\ext\vector_double3.hpp", "C++", 6, 0, 0, 0, 0, 0, 8, 5, 19
"c:\Users\msi\source\repos\LearnOpenGL\include\glm\ext\vector_double3_precision.hpp", "C++", 8, 0, 0, 0, 0, 0, 20, 7, 35
"c:\Users\msi\source\repos\LearnOpenGL\include\glm\ext\vector_double4.hpp", "C++", 6, 0, 0, 0, 0, 0, 8, 5, 19
"c:\Users\msi\source\repos\LearnOpenGL\include\glm\ext\vector_double4_precision.hpp", "C++", 9, 0, 0, 0, 0, 0, 20, 7, 36
"c:\Users\msi\source\repos\LearnOpenGL\include\glm\ext\vector_float1.hpp", "C++", 9, 0, 0, 0, 0, 0, 16, 7, 32
"c:\Users\msi\source\repos\LearnOpenGL\include\glm\ext\vector_float1_precision.hpp", "C++", 11, 0, 0, 0, 0, 0, 17, 9, 37
"c:\Users\msi\source\repos\LearnOpenGL\include\glm\ext\vector_float2.hpp", "C++", 6, 0, 0, 0, 0, 0, 8, 5, 19
"c:\Users\msi\source\repos\LearnOpenGL\include\glm\ext\vector_float2_precision.hpp", "C++", 8, 0, 0, 0, 0, 0, 17, 7, 32
"c:\Users\msi\source\repos\LearnOpenGL\include\glm\ext\vector_float3.hpp", "C++", 6, 0, 0, 0, 0, 0, 8, 5, 19
"c:\Users\msi\source\repos\LearnOpenGL\include\glm\ext\vector_float3_precision.hpp", "C++", 8, 0, 0, 0, 0, 0, 17, 7, 32
"c:\Users\msi\source\repos\LearnOpenGL\include\glm\ext\vector_float4.hpp", "C++", 6, 0, 0, 0, 0, 0, 8, 5, 19
"c:\Users\msi\source\repos\LearnOpenGL\include\glm\ext\vector_float4_precision.hpp", "C++", 8, 0, 0, 0, 0, 0, 17, 7, 32
"c:\Users\msi\source\repos\LearnOpenGL\include\glm\ext\vector_int1.hpp", "C++", 9, 0, 0, 0, 0, 0, 16, 8, 33
"c:\Users\msi\source\repos\LearnOpenGL\include\glm\ext\vector_int1_sized.hpp", "C++", 13, 0, 0, 0, 0, 0, 27, 10, 50
"c:\Users\msi\source\repos\LearnOpenGL\include\glm\ext\vector_int2.hpp", "C++", 6, 0, 0, 0, 0, 0, 8, 5, 19
"c:\Users\msi\source\repos\LearnOpenGL\include\glm\ext\vector_int2_sized.hpp", "C++", 13, 0, 0, 0, 0, 0, 27, 10, 50
"c:\Users\msi\source\repos\LearnOpenGL\include\glm\ext\vector_int3.hpp", "C++", 6, 0, 0, 0, 0, 0, 8, 5, 19
"c:\Users\msi\source\repos\LearnOpenGL\include\glm\ext\vector_int3_sized.hpp", "C++", 13, 0, 0, 0, 0, 0, 27, 10, 50
"c:\Users\msi\source\repos\LearnOpenGL\include\glm\ext\vector_int4.hpp", "C++", 6, 0, 0, 0, 0, 0, 8, 5, 19
"c:\Users\msi\source\repos\LearnOpenGL\include\glm\ext\vector_int4_sized.hpp", "C++", 13, 0, 0, 0, 0, 0, 27, 10, 50
"c:\Users\msi\source\repos\LearnOpenGL\include\glm\ext\vector_integer.hpp", "C++", 34, 0, 0, 0, 0, 0, 99, 17, 150
"c:\Users\msi\source\repos\LearnOpenGL\include\glm\ext\vector_integer.inl", "C++", 65, 0, 0, 0, 0, 0, 0, 21, 86
"c:\Users\msi\source\repos\LearnOpenGL\include\glm\ext\vector_packing.hpp", "C++", 9, 0, 0, 0, 0, 0, 16, 8, 33
"c:\Users\msi\source\repos\LearnOpenGL\include\glm\ext\vector_packing.inl", "C++", 0, 0, 0, 0, 0, 0, 0, 1, 1
"c:\Users\msi\source\repos\LearnOpenGL\include\glm\ext\vector_relational.hpp", "C++", 25, 0, 0, 0, 0, 0, 68, 15, 108
"c:\Users\msi\source\repos\LearnOpenGL\include\glm\ext\vector_relational.inl", "C++", 62, 0, 0, 0, 0, 0, 3, 11, 76
"c:\Users\msi\source\repos\LearnOpenGL\include\glm\ext\vector_uint1.hpp", "C++", 9, 0, 0, 0, 0, 0, 16, 8, 33
"c:\Users\msi\source\repos\LearnOpenGL\include\glm\ext\vector_uint1_sized.hpp", "C++", 13, 0, 0, 0, 0, 0, 27, 10, 50
"c:\Users\msi\source\repos\LearnOpenGL\include\glm\ext\vector_uint2.hpp", "C++", 6, 0, 0, 0, 0, 0, 8, 5, 19
"c:\Users\msi\source\repos\LearnOpenGL\include\glm\ext\vector_uint2_sized.hpp", "C++", 13, 0, 0, 0, 0, 0, 27, 10, 50
"c:\Users\msi\source\repos\LearnOpenGL\include\glm\ext\vector_uint3.hpp", "C++", 6, 0, 0, 0, 0, 0, 8, 5, 19
"c:\Users\msi\source\repos\LearnOpenGL\include\glm\ext\vector_uint3_sized.hpp", "C++", 13, 0, 0, 0, 0, 0, 27, 10, 50
"c:\Users\msi\source\repos\LearnOpenGL\include\glm\ext\vector_uint4.hpp", "C++", 6, 0, 0, 0, 0, 0, 8, 5, 19
"c:\Users\msi\source\repos\LearnOpenGL\include\glm\ext\vector_uint4_sized.hpp", "C++", 13, 0, 0, 0, 0, 0, 27, 10, 50
"c:\Users\msi\source\repos\LearnOpenGL\include\glm\ext\vector_ulp.hpp", "C++", 25, 0, 0, 0, 0, 0, 71, 14, 110
"c:\Users\msi\source\repos\LearnOpenGL\include\glm\ext\vector_ulp.inl", "C++", 67, 0, 0, 0, 0, 0, 0, 8, 75
"c:\Users\msi\source\repos\LearnOpenGL\include\glm\fwd.hpp", "C++", 1013, 0, 0, 0, 0, 0, 12, 209, 1234
"c:\Users\msi\source\repos\LearnOpenGL\include\glm\geometric.hpp", "C++", 30, 0, 0, 0, 0, 0, 73, 14, 117
"c:\Users\msi\source\repos\LearnOpenGL\include\glm\glm.hpp", "C++", 29, 0, 0, 0, 0, 0, 101, 7, 137
"c:\Users\msi\source\repos\LearnOpenGL\include\glm\gtc\bitfield.hpp", "C++", 57, 0, 0, 0, 0, 0, 170, 40, 267
"c:\Users\msi\source\repos\LearnOpenGL\include\glm\gtc\bitfield.inl", "C++", 486, 0, 0, 0, 0, 0, 1, 140, 627
"c:\Users\msi\source\repos\LearnOpenGL\include\glm\gtc\color_space.hpp", "C++", 22, 0, 0, 0, 0, 0, 24, 11, 57
"c:\Users\msi\source\repos\LearnOpenGL\include\glm\gtc\color_space.inl", "C++", 72, 0, 0, 0, 0, 0, 2, 11, 85
"c:\Users\msi\source\repos\LearnOpenGL\include\glm\gtc\constants.hpp", "C++", 63, 0, 0, 0, 0, 0, 69, 34, 166
"c:\Users\msi\source\repos\LearnOpenGL\include\glm\gtc\constants.inl", "C++", 138, 0, 0, 0, 0, 0, 1, 29, 168
"c:\Users\msi\source\repos\LearnOpenGL\include\glm\gtc\epsilon.hpp", "C++", 18, 0, 0, 0, 0, 0, 32, 11, 61
"c:\Users\msi\source\repos\LearnOpenGL\include\glm\gtc\epsilon.inl", "C++", 67, 0, 0, 0, 0, 0, 2, 12, 81
"c:\Users\msi\source\repos\LearnOpenGL\include\glm\gtc\integer.hpp", "C++", 20, 0, 0, 0, 0, 0, 36, 10, 66
"c:\Users\msi\source\repos\LearnOpenGL\include\glm\gtc\integer.inl", "C++", 56, 0, 0, 0, 0, 0, 3, 10, 69
"c:\Users\msi\source\repos\LearnOpenGL\include\glm\gtc\matrix_access.hpp", "C++", 27, 0, 0, 0, 0, 0, 23, 11, 61
"c:\Users\msi\source\repos\LearnOpenGL\include\glm\gtc\matrix_access.inl", "C++", 53, 0, 0, 0, 0, 0, 1, 9, 63
"c:\Users\msi\source\repos\LearnOpenGL\include\glm\gtc\matrix_integer.hpp", "C++", 112, 0, 0, 0, 0, 0, 207, 115, 434
"c:\Users\msi\source\repos\LearnOpenGL\include\glm\gtc\matrix_inverse.hpp", "C++", 17, 0, 0, 0, 0, 0, 25, 9, 51
"c:\Users\msi\source\repos\LearnOpenGL\include\glm\gtc\matrix_inverse.inl", "C++", 99, 0, 0, 0, 0, 0, 1, 19, 119
"c:\Users\msi\source\repos\LearnOpenGL\include\glm\gtc\matrix_transform.hpp", "C++", 12, 0, 0, 0, 0, 0, 20, 5, 37
"c:\Users\msi\source\repos\LearnOpenGL\include\glm\gtc\matrix_transform.inl", "C++", 3, 0, 0, 0, 0, 0, 0, 1, 4
"c:\Users\msi\source\repos\LearnOpenGL\include\glm\gtc\noise.hpp", "C++", 27, 0, 0, 0, 0, 0, 25, 10, 62
"c:\Users\msi\source\repos\LearnOpenGL\include\glm\gtc\noise.inl", "C++", 582, 0, 0, 0, 0, 0, 133, 93, 808
"c:\Users\msi\source\repos\LearnOpenGL\include\glm\gtc\packing.hpp", "C++", 88, 0, 0, 0, 0, 0, 561, 80, 729
"c:\Users\msi\source\repos\LearnOpenGL\include\glm\gtc\packing.inl", "C++", 752, 0, 0, 0, 0, 0, 61, 126, 939
"c:\Users\msi\source\repos\LearnOpenGL\include\glm\gtc\quaternion.hpp", "C++", 60, 0, 0, 0, 0, 0, 93, 21, 174
"c:\Users\msi\source\repos\LearnOpenGL\include\glm\gtc\quaternion.inl", "C++", 171, 0, 0, 0, 0, 0, 1, 31, 203
"c:\Users\msi\source\repos\LearnOpenGL\include\glm\gtc\quaternion_simd.inl", "C++", 0, 0, 0, 0, 0, 0, 0, 1, 1
"c:\Users\msi\source\repos\LearnOpenGL\include\glm\gtc\random.hpp", "C++", 25, 0, 0, 0, 0, 0, 44, 14, 83
"c:\Users\msi\source\repos\LearnOpenGL\include\glm\gtc\random.inl", "C++", 262, 0, 0, 0, 0, 0, 0, 42, 304
"c:\Users\msi\source\repos\LearnOpenGL\include\glm\gtc\reciprocal.hpp", "C++", 33, 0, 0, 0, 0, 0, 84, 19, 136
"c:\Users\msi\source\repos\LearnOpenGL\include\glm\gtc\reciprocal.inl", "C++", 151, 0, 0, 0, 0, 0, 13, 28, 192
"c:\Users\msi\source\repos\LearnOpenGL\include\glm\gtc\round.hpp", "C++", 38, 0, 0, 0, 0, 0, 104, 19, 161
"c:\Users\msi\source\repos\LearnOpenGL\include\glm\gtc\round.inl", "C++", 118, 0, 0, 0, 0, 0, 13, 25, 156
"c:\Users\msi\source\repos\LearnOpenGL\include\glm\gtc\type_aligned.hpp", "C++", 547, 0, 0, 0, 0, 0, 384, 385, 1316
"c:\Users\msi\source\repos\LearnOpenGL\include\glm\gtc\type_precision.hpp", "C++", 514, 0, 0, 0, 0, 0, 1018, 563, 2095
"c:\Users\msi\source\repos\LearnOpenGL\include\glm\gtc\type_precision.inl", "C++", 3, 0, 0, 0, 0, 0, 1, 3, 7
"c:\Users\msi\source\repos\LearnOpenGL\include\glm\gtc\type_ptr.hpp", "C++", 89, 0, 0, 0, 0, 0, 102, 40, 231
"c:\Users\msi\source\repos\LearnOpenGL\include\glm\gtc\type_ptr.inl", "C++", 320, 0, 0, 0, 0, 0, 4, 63, 387
"c:\Users\msi\source\repos\LearnOpenGL\include\glm\gtc\ulp.hpp", "C++", 38, 0, 0, 0, 0, 0, 95, 20, 153
"c:\Users\msi\source\repos\LearnOpenGL\include\glm\gtc\ulp.inl", "C++", 150, 0, 0, 0, 0, 0, 1, 23, 174
"c:\Users\msi\source\repos\LearnOpenGL\include\glm\gtc\vec1.hpp", "C++", 14, 0, 0, 0, 0, 0, 12, 5, 31
"c:\Users\msi\source\repos\LearnOpenGL\include\glm\gtx\associated_min_max.hpp", "C++", 119, 0, 0, 0, 0, 0, 60, 29, 208
"c:\Users\msi\source\repos\LearnOpenGL\include\glm\gtx\associated_min_max.inl", "C++", 310, 0, 0, 0, 0, 0, 19, 26, 355
"c:\Users\msi\source\repos\LearnOpenGL\include\glm\gtx\bit.hpp", "C++", 31, 0, 0, 0, 0, 0, 50, 18, 99
"c:\Users\msi\source\repos\LearnOpenGL\include\glm\gtx\bit.inl", "C++", 64, 0, 0, 0, 0, 0, 11, 18, 93
"c:\Users\msi\source\repos\LearnOpenGL\include\glm\gtx\closest_point.hpp", "C++", 23, 0, 0, 0, 0, 0, 18, 9, 50
"c:\Users\msi\source\repos\LearnOpenGL\include\glm\gtx\closest_point.inl", "C++", 35, 0, 0, 0, 0, 0, 3, 8, 46
"c:\Users\msi\source\repos\LearnOpenGL\include\glm\gtx\color_encoding.hpp", "C++", 24, 0, 0, 0, 0, 0, 20, 11, 55
"c:\Users\msi\source\repos\LearnOpenGL\include\glm\gtx\color_encoding.inl", "C++", 35, 0, 0, 0, 0, 0, 1, 10, 46
"c:\Users\msi\source\repos\LearnOpenGL\include\glm\gtx\color_space.hpp", "C++", 33, 0, 0, 0, 0, 0, 27, 13, 73
"c:\Users\msi\source\repos\LearnOpenGL\include\glm\gtx\color_space.inl", "C++", 117, 0, 0, 0, 0, 0, 7, 18, 142
"c:\Users\msi\source\repos\LearnOpenGL\include\glm\gtx\color_space_YCoCg.hpp", "C++", 25, 0, 0, 0, 0, 0, 25, 11, 61
"c:\Users\msi\source\repos\LearnOpenGL\include\glm\gtx\color_space_YCoCg.inl", "C++", 98, 0, 0, 0, 0, 0, 1, 9, 108
"c:\Users\msi\source\repos\LearnOpenGL\include\glm\gtx\common.hpp", "C++", 24, 0, 0, 0, 0, 0, 42, 11, 77
"c:\Users\msi\source\repos\LearnOpenGL\include\glm\gtx\common.inl", "C++", 105, 0, 0, 0, 0, 0, 2, 19, 126
"c:\Users\msi\source\repos\LearnOpenGL\include\glm\gtx\compatibility.hpp", "C++", 98, 0, 0, 0, 0, 0, 15, 21, 134
"c:\Users\msi\source\repos\LearnOpenGL\include\glm\gtx\compatibility.inl", "C++", 55, 0, 0, 0, 0, 0, 1, 7, 63
"c:\Users\msi\source\repos\LearnOpenGL\include\glm\gtx\component_wise.hpp", "C++", 26, 0, 0, 0, 0, 0, 31, 13, 70
"c:\Users\msi\source\repos\LearnOpenGL\include\glm\gtx\component_wise.inl", "C++", 109, 0, 0, 0, 0, 0, 1, 18, 128
"c:\Users\msi\source\repos\LearnOpenGL\include\glm\gtx\dual_quaternion.hpp", "C++", 121, 0, 0, 0, 0, 0, 89, 65, 275
"c:\Users\msi\source\repos\LearnOpenGL\include\glm\gtx\dual_quaternion.inl", "C++", 286, 0, 0, 0, 0, 0, 12, 55, 353
"c:\Users\msi\source\repos\LearnOpenGL\include\glm\gtx\easing.hpp", "C++", 82, 0, 0, 0, 0, 0, 97, 41, 220
"c:\Users\msi\source\repos\LearnOpenGL\include\glm\gtx\easing.inl", "C++", 334, 0, 0, 0, 0, 0, 32, 71, 437
"c:\Users\msi\source\repos\LearnOpenGL\include\glm\gtx\euler_angles.hpp", "C++", 188, 0, 0, 0, 0, 0, 100, 48, 336
"c:\Users\msi\source\repos\LearnOpenGL\include\glm\gtx\euler_angles.inl", "C++", 833, 0, 0, 0, 0, 0, 1, 66, 900
"c:\Users\msi\source\repos\LearnOpenGL\include\glm\gtx\extend.hpp", "C++", 18, 0, 0, 0, 0, 0, 17, 8, 43
"c:\Users\msi\source\repos\LearnOpenGL\include\glm\gtx\extend.inl", "C++", 43, 0, 0, 0, 0, 0, 1, 5, 49
"c:\Users\msi\source\repos\LearnOpenGL\include\glm\gtx\extended_min_max.hpp", "C++", 80, 0, 0, 0, 0, 0, 39, 19, 138
"c:\Users\msi\source\repos\LearnOpenGL\include\glm\gtx\extended_min_max.inl", "C++", 125, 0, 0, 0, 0, 0, 1, 13, 139
"c:\Users\msi\source\repos\LearnOpenGL\include\glm\gtx\exterior_product.hpp", "C++", 16, 0, 0, 0, 0, 0, 22, 8, 46
"c:\Users\msi\source\repos\LearnOpenGL\include\glm\gtx\exterior_product.inl", "C++", 20, 0, 0, 0, 0, 0, 1, 6, 27
"c:\Users\msi\source\repos\LearnOpenGL\include\glm\gtx\fast_exponential.hpp", "C++", 37, 0, 0, 0, 0, 0, 40, 19, 96
"c:\Users\msi\source\repos\LearnOpenGL\include\glm\gtx\fast_exponential.inl", "C++", 73, 0, 0, 0, 0, 0, 50, 14, 137
"c:\Users\msi\source\repos\LearnOpenGL\include\glm\gtx\fast_square_root.hpp", "C++", 33, 0, 0, 0, 0, 0, 44, 16, 93
"c:\Users\msi\source\repos\LearnOpenGL\include\glm\gtx\fast_square_root.inl", "C++", 56, 0, 0, 0, 0, 0, 6, 14, 76
"c:\Users\msi\source\repos\LearnOpenGL\include\glm\gtx\fast_trigonometry.hpp", "C++", 29, 0, 0, 0, 0, 0, 36, 15, 80
"c:\Users\msi\source\repos\LearnOpenGL\include\glm\gtx\fast_trigonometry.inl", "C++", 113, 0, 0, 0, 0, 0, 8, 22, 143
"c:\Users\msi\source\repos\LearnOpenGL\include\glm\gtx\float_notmalize.inl", "C++", 9, 0, 0, 0, 0, 0, 1, 4, 14
"c:\Users\msi\source\repos\LearnOpenGL\include\glm\gtx\functions.hpp", "C++", 25, 0, 0, 0, 0, 0, 22, 10, 57
"c:\Users\msi\source\repos\LearnOpenGL\include\glm\gtx\functions.inl", "C++", 25, 0, 0, 0, 0, 0, 1, 5, 31
"c:\Users\msi\source\repos\LearnOpenGL\include\glm\gtx\gradient_paint.hpp", "C++", 25, 0, 0, 0, 0, 0, 20, 9, 54
"c:\Users\msi\source\repos\LearnOpenGL\include\glm\gtx\gradient_paint.inl", "C++", 32, 0, 0, 0, 0, 0, 1, 4, 37
"c:\Users\msi\source\repos\LearnOpenGL\include\glm\gtx\handed_coordinate_space.hpp", "C++", 23, 0, 0, 0, 0, 0, 19, 9, 51
"c:\Users\msi\source\repos\LearnOpenGL\include\glm\gtx\handed_coordinate_space.inl", "C++", 23, 0, 0, 0, 0, 0, 1, 3, 27
"c:\Users\msi\source\repos\LearnOpenGL\include\glm\gtx\hash.hpp", "C++", 106, 0, 0, 0, 0, 0, 11, 26, 143
"c:\Users\msi\source\repos\LearnOpenGL\include\glm\gtx\hash.inl", "C++", 158, 0, 0, 0, 0, 0, 10, 17, 185
"c:\Users\msi\source\repos\LearnOpenGL\include\glm\gtx\integer.hpp", "C++", 25, 0, 0, 0, 0, 0, 35, 17, 77
"c:\Users\msi\source\repos\LearnOpenGL\include\glm\gtx\integer.inl", "C++", 131, 0, 0, 0, 0, 0, 25, 30, 186
"c:\Users\msi\source\repos\LearnOpenGL\include\glm\gtx\intersect.hpp", "C++", 49, 0, 0, 0, 0, 0, 31, 13, 93
"c:\Users\msi\source\repos\LearnOpenGL\include\glm\gtx\intersect.inl", "C++", 156, 0, 0, 0, 0, 0, 13, 32, 201
"c:\Users\msi\source\repos\LearnOpenGL\include\glm\gtx\io.hpp", "C++", 138, 0, 0, 0, 0, 0, 23, 41, 202
"c:\Users\msi\source\repos\LearnOpenGL\include\glm\gtx\io.inl", "C++", 367, 0, 0, 0, 0, 0, 2, 72, 441
"c:\Users\msi\source\repos\LearnOpenGL\include\glm\gtx\log_base.hpp", "C++", 21, 0, 0, 0, 0, 0, 19, 9, 49
"c:\Users\msi\source\repos\LearnOpenGL\include\glm\gtx\log_base.inl", "C++", 13, 0, 0, 0, 0, 0, 1, 3, 17
"c:\Users\msi\source\repos\LearnOpenGL\include\glm\gtx\matrix_cross_product.hpp", "C++", 19, 0, 0, 0, 0, 0, 20, 9, 48
"c:\Users\msi\source\repos\LearnOpenGL\include\glm\gtx\matrix_cross_product.inl", "C++", 33, 0, 0, 0, 0, 0, 1, 4, 38
"c:\Users\msi\source\repos\LearnOpenGL\include\glm\gtx\matrix_decompose.hpp", "C++", 22, 0, 0, 0, 0, 0, 17, 8, 47
"c:\Users\msi\source\repos\LearnOpenGL\include\glm\gtx\matrix_decompose.inl", "C++", 113, 0, 0, 0, 0, 0, 42, 32, 187
"c:\Users\msi\source\repos\LearnOpenGL\include\glm\gtx\matrix_factorisation.hpp", "C++", 21, 0, 0, 0, 0, 0, 37, 12, 70
"c:\Users\msi\source\repos\LearnOpenGL\include\glm\gtx\matrix_factorisation.inl", "C++", 53, 0, 0, 0, 0, 0, 17, 15, 85
"c:\Users\msi\source\repos\LearnOpenGL\include\glm\gtx\matrix_interpolation.hpp", "C++", 25, 0, 0, 0, 0, 0, 25, 11, 61
"c:\Users\msi\source\repos\LearnOpenGL\include\glm\gtx\matrix_interpolation.inl", "C++", 121, 0, 0, 0, 0, 0, 1, 8, 130
"c:\Users\msi\source\repos\LearnOpenGL\include\glm\gtx\matrix_major_storage.hpp", "C++", 61, 0, 0, 0, 0, 0, 40, 19, 120
"c:\Users\msi\source\repos\LearnOpenGL\include\glm\gtx\matrix_major_storage.inl", "C++", 153, 0, 0, 0, 0, 0, 1, 13, 167
"c:\Users\msi\source\repos\LearnOpenGL\include\glm\gtx\matrix_operation.hpp", "C++", 46, 0, 0, 0, 0, 0, 39, 19, 104
"c:\Users\msi\source\repos\LearnOpenGL\include\glm\gtx\matrix_operation.inl", "C++", 156, 0, 0, 0, 0, 0, 1, 20, 177
"c:\Users\msi\source\repos\LearnOpenGL\include\glm\gtx\matrix_query.hpp", "C++", 31, 0, 0, 0, 0, 0, 32, 15, 78
"c:\Users\msi\source\repos\LearnOpenGL\include\glm\gtx\matrix_query.inl", "C++", 103, 0, 0, 0, 0, 0, 1, 10, 114
"c:\Users\msi\source\repos\LearnOpenGL\include\glm\gtx\matrix_transform_2d.hpp", "C++", 34, 0, 0, 0, 0, 0, 36, 12, 82
"c:\Users\msi\source\repos\LearnOpenGL\include\glm\gtx\matrix_transform_2d.inl", "C++", 56, 0, 0, 0, 0, 0, 2, 11, 69
"c:\Users\msi\source\repos\LearnOpenGL\include\glm\gtx\mixed_product.hpp", "C++", 18, 0, 0, 0, 0, 0, 16, 8, 42
"c:\Users\msi\source\repos\LearnOpenGL\include\glm\gtx\mixed_product.inl", "C++", 13, 0, 0, 0, 0, 0, 1, 2, 16
"c:\Users\msi\source\repos\LearnOpenGL\include\glm\gtx\norm.hpp", "C++", 35, 0, 0, 0, 0, 0, 37, 17, 89
"c:\Users\msi\source\repos\LearnOpenGL\include\glm\gtx\norm.inl", "C++", 79, 0, 0, 0, 0, 0, 1, 16, 96
"c:\Users\msi\source\repos\LearnOpenGL\include\glm\gtx\normal.hpp", "C++", 15, 0, 0, 0, 0, 0, 19, 8, 42
"c:\Users\msi\source\repos\LearnOpenGL\include\glm\gtx\normal.inl", "C++", 13, 0, 0, 0, 0, 0, 1, 2, 16
"c:\Users\msi\source\repos\LearnOpenGL\include\glm\gtx\normalize_dot.hpp", "C++", 17, 0, 0, 0, 0, 0, 24, 9, 50
"c:\Users\msi\source\repos\LearnOpenGL\include\glm\gtx\normalize_dot.inl", "C++", 13, 0, 0, 0, 0, 0, 1, 3, 17
"c:\Users\msi\source\repos\LearnOpenGL\include\glm\gtx\number_precision.hpp", "C++", 26, 0, 0, 0, 0, 0, 23, 13, 62
"c:\Users\msi\source\repos\LearnOpenGL\include\glm\gtx\number_precision.inl", "C++", 3, 0, 0, 0, 0, 0, 1, 3, 7
"c:\Users\msi\source\repos\LearnOpenGL\include\glm\gtx\optimum_pow.hpp", "C++", 21, 0, 0, 0, 0, 0, 24, 10, 55
"c:\Users\msi\source\repos\LearnOpenGL\include\glm\gtx\optimum_pow.inl", "C++", 18, 0, 0, 0, 0, 0, 1, 4, 23
"c:\Users\msi\source\repos\LearnOpenGL\include\glm\gtx\orthonormalize.hpp", "C++", 19, 0, 0, 0, 0, 0, 22, 9, 50
"c:\Users\msi\source\repos\LearnOpenGL\include\glm\gtx\orthonormalize.inl", "C++", 22, 0, 0, 0, 0, 0, 1, 7, 30
"c:\Users\msi\source\repos\LearnOpenGL\include\glm\gtx\perpendicular.hpp", "C++", 16, 0, 0, 0, 0, 0, 18, 8, 42
"c:\Users\msi\source\repos\LearnOpenGL\include\glm\gtx\perpendicular.inl", "C++", 8, 0, 0, 0, 0, 0, 1, 2, 11
"c:\Users\msi\source\repos\LearnOpenGL\include\glm\gtx\polar_coordinates.hpp", "C++", 19, 0, 0, 0, 0, 0, 21, 9, 49
"c:\Users\msi\source\repos\LearnOpenGL\include\glm\gtx\polar_coordinates.inl", "C++", 30, 0, 0, 0, 0, 0, 1, 6, 37
"c:\Users\msi\source\repos\LearnOpenGL\include\glm\gtx\projection.hpp", "C++", 15, 0, 0, 0, 0, 0, 21, 8, 44
"c:\Users\msi\source\repos\LearnOpenGL\include\glm\gtx\projection.inl", "C++", 8, 0, 0, 0, 0, 0, 1, 2, 11
"c:\Users\msi\source\repos\LearnOpenGL\include\glm\gtx\quaternion.hpp", "C++", 78, 0, 0, 0, 0, 0, 73, 24, 175
"c:\Users\msi\source\repos\LearnOpenGL\include\glm\gtx\quaternion.inl", "C++", 128, 0, 0, 0, 0, 0, 9, 23, 160
"c:\Users\msi\source\repos\LearnOpenGL\include\glm\gtx\range.hpp", "C++", 66, 0, 0, 0, 0, 0, 15, 18, 99
"c:\Users\msi\source\repos\LearnOpenGL\include\glm\gtx\raw_data.hpp", "C++", 18, 0, 0, 0, 0, 0, 23, 11, 52
"c:\Users\msi\source\repos\LearnOpenGL\include\glm\gtx\raw_data.inl", "C++", 0, 0, 0, 0, 0, 0, 1, 2, 3
"c:\Users\msi\source\repos\LearnOpenGL\include\glm\gtx\rotate_normalized_axis.hpp", "C++", 25, 0, 0, 0, 0, 0, 35, 9, 69
"c:\Users\msi\source\repos\LearnOpenGL\include\glm\gtx\rotate_normalized_axis.inl", "C++", 46, 0, 0, 0, 0, 0, 2, 11, 59
"c:\Users\msi\source\repos\LearnOpenGL\include\glm\gtx\rotate_vector.hpp", "C++", 63, 0, 0, 0, 0, 0, 43, 18, 124
"c:\Users\msi\source\repos\LearnOpenGL\include\glm\gtx\rotate_vector.inl", "C++", 149, 0, 0, 0, 0, 0, 18, 21, 188
"c:\Users\msi\source\repos\LearnOpenGL\include\glm\gtx\scalar_multiplication.hpp", "C++", 53, 0, 0, 0, 0, 0, 13, 10, 76
"c:\Users\msi\source\repos\LearnOpenGL\include\glm\gtx\scalar_relational.hpp", "C++", 13, 0, 0, 0, 0, 0, 15, 9, 37
"c:\Users\msi\source\repos\LearnOpenGL\include\glm\gtx\scalar_relational.inl", "C++", 78, 0, 0, 0, 0, 0, 1, 10, 89
"c:\Users\msi\source\repos\LearnOpenGL\include\glm\gtx\spline.hpp", "C++", 35, 0, 0, 0, 0, 0, 21, 10, 66
"c:\Users\msi\source\repos\LearnOpenGL\include\glm\gtx\spline.inl", "C++", 51, 0, 0, 0, 0, 0, 1, 9, 61
"c:\Users\msi\source\repos\LearnOpenGL\include\glm\gtx\std_based_type.hpp", "C++", 22, 0, 0, 0, 0, 0, 32, 15, 69
"c:\Users\msi\source\repos\LearnOpenGL\include\glm\gtx\std_based_type.inl", "C++", 3, 0, 0, 0, 0, 0, 1, 3, 7
"c:\Users\msi\source\repos\LearnOpenGL\include\glm\gtx\string_cast.hpp", "C++", 23, 0, 0, 0, 0, 0, 21, 9, 53
"c:\Users\msi\source\repos\LearnOpenGL\include\glm\gtx\string_cast.inl", "C++", 427, 0, 0, 0, 0, 0, 1, 65, 493
"c:\Users\msi\source\repos\LearnOpenGL\include\glm\gtx\texture.hpp", "C++", 17, 0, 0, 0, 0, 0, 21, 9, 47
"c:\Users\msi\source\repos\LearnOpenGL\include\glm\gtx\texture.inl", "C++", 13, 0, 0, 0, 0, 0, 1, 4, 18
"c:\Users\msi\source\repos\LearnOpenGL\include\glm\gtx\transform.hpp", "C++", 24, 0, 0, 0, 0, 0, 27, 10, 61
"c:\Users\msi\source\repos\LearnOpenGL\include\glm\gtx\transform.inl", "C++", 18, 0, 0, 0, 0, 0, 1, 5, 24
"c:\Users\msi\source\repos\LearnOpenGL\include\glm\gtx\transform2.hpp", "C++", 32, 0, 0, 0, 0, 0, 40, 18, 90
"c:\Users\msi\source\repos\LearnOpenGL\include\glm\gtx\transform2.inl", "C++", 110, 0, 0, 0, 0, 0, 1, 15, 126
"c:\Users\msi\source\repos\LearnOpenGL\include\glm\gtx\type_aligned.hpp", "C++", 231, 0, 0, 0, 0, 0, 468, 284, 983
"c:\Users\msi\source\repos\LearnOpenGL\include\glm\gtx\type_aligned.inl", "C++", 3, 0, 0, 0, 0, 0, 1, 3, 7
"c:\Users\msi\source\repos\LearnOpenGL\include\glm\gtx\type_trait.hpp", "C++", 59, 0, 0, 0, 0, 0, 15, 12, 86
"c:\Users\msi\source\repos\LearnOpenGL\include\glm\gtx\type_trait.inl", "C++", 51, 0, 0, 0, 0, 0, 5, 6, 62
"c:\Users\msi\source\repos\LearnOpenGL\include\glm\gtx\vec_swizzle.hpp", "C++", 1947, 0, 0, 0, 0, 0, 347, 489, 2783
"c:\Users\msi\source\repos\LearnOpenGL\include\glm\gtx\vector_angle.hpp", "C++", 22, 0, 0, 0, 0, 0, 26, 10, 58
"c:\Users\msi\source\repos\LearnOpenGL\include\glm\gtx\vector_angle.inl", "C++", 36, 0, 0, 0, 0, 0, 2, 7, 45
"c:\Users\msi\source\repos\LearnOpenGL\include\glm\gtx\vector_query.hpp", "C++", 27, 0, 0, 0, 0, 0, 27, 13, 67
"c:\Users\msi\source\repos\LearnOpenGL\include\glm\gtx\vector_query.inl", "C++", 128, 0, 0, 0, 0, 0, 1, 26, 155
"c:\Users\msi\source\repos\LearnOpenGL\include\glm\gtx\wrap.hpp", "C++", 16, 0, 0, 0, 0, 0, 15, 7, 38
"c:\Users\msi\source\repos\LearnOpenGL\include\glm\gtx\wrap.inl", "C++", 3, 0, 0, 0, 0, 0, 1, 3, 7
"c:\Users\msi\source\repos\LearnOpenGL\include\glm\integer.hpp", "C++", 55, 0, 0, 0, 0, 0, 139, 19, 213
"c:\Users\msi\source\repos\LearnOpenGL\include\glm\mat2x2.hpp", "C++", 5, 0, 0, 0, 0, 0, 2, 3, 10
"c:\Users\msi\source\repos\LearnOpenGL\include\glm\mat2x3.hpp", "C++", 5, 0, 0, 0, 0, 0, 2, 3, 10
"c:\Users\msi\source\repos\LearnOpenGL\include\glm\mat2x4.hpp", "C++", 5, 0, 0, 0, 0, 0, 2, 3, 10
"c:\Users\msi\source\repos\LearnOpenGL\include\glm\mat3x2.hpp", "C++", 5, 0, 0, 0, 0, 0, 2, 3, 10
"c:\Users\msi\source\repos\LearnOpenGL\include\glm\mat3x3.hpp", "C++", 5, 0, 0, 0, 0, 0, 2, 2, 9
"c:\Users\msi\source\repos\LearnOpenGL\include\glm\mat3x4.hpp", "C++", 5, 0, 0, 0, 0, 0, 2, 2, 9
"c:\Users\msi\source\repos\LearnOpenGL\include\glm\mat4x2.hpp", "C++", 5, 0, 0, 0, 0, 0, 2, 3, 10
"c:\Users\msi\source\repos\LearnOpenGL\include\glm\mat4x3.hpp", "C++", 5, 0, 0, 0, 0, 0, 2, 2, 9
"c:\Users\msi\source\repos\LearnOpenGL\include\glm\mat4x4.hpp", "C++", 5, 0, 0, 0, 0, 0, 2, 3, 10
"c:\Users\msi\source\repos\LearnOpenGL\include\glm\matrix.hpp", "C++", 78, 0, 0, 0, 0, 0, 63, 21, 162
"c:\Users\msi\source\repos\LearnOpenGL\include\glm\packing.hpp", "C++", 20, 0, 0, 0, 0, 0, 136, 18, 174
"c:\Users\msi\source\repos\LearnOpenGL\include\glm\simd\common.h", "C++", 197, 0, 0, 0, 0, 0, 11, 33, 241
"c:\Users\msi\source\repos\LearnOpenGL\include\glm\simd\exponential.h", "C++", 12, 0, 0, 0, 0, 0, 2, 7, 21
"c:\Users\msi\source\repos\LearnOpenGL\include\glm\simd\geometric.h", "C++", 105, 0, 0, 0, 0, 0, 2, 18, 125
"c:\Users\msi\source\repos\LearnOpenGL\include\glm\simd\integer.h", "C++", 63, 0, 0, 0, 0, 0, 29, 24, 116
"c:\Users\msi\source\repos\LearnOpenGL\include\glm\simd\matrix.h", "C++", 546, 0, 0, 0, 0, 0, 310, 173, 1029
"c:\Users\msi\source\repos\LearnOpenGL\include\glm\simd\neon.h", "C++", 144, 0, 0, 0, 0, 0, 2, 10, 156
"c:\Users\msi\source\repos\LearnOpenGL\include\glm\simd\packing.h", "C++", 3, 0, 0, 0, 0, 0, 2, 4, 9
"c:\Users\msi\source\repos\LearnOpenGL\include\glm\simd\platform.h", "C++", 343, 0, 0, 0, 0, 0, 21, 35, 399
"c:\Users\msi\source\repos\LearnOpenGL\include\glm\simd\trigonometric.h", "C++", 3, 0, 0, 0, 0, 0, 2, 5, 10
"c:\Users\msi\source\repos\LearnOpenGL\include\glm\simd\vector_relational.h", "C++", 3, 0, 0, 0, 0, 0, 2, 4, 9
"c:\Users\msi\source\repos\LearnOpenGL\include\glm\trigonometric.hpp", "C++", 37, 0, 0, 0, 0, 0, 153, 21, 211
"c:\Users\msi\source\repos\LearnOpenGL\include\glm\vec2.hpp", "C++", 11, 0, 0, 0, 0, 0, 2, 2, 15
"c:\Users\msi\source\repos\LearnOpenGL\include\glm\vec3.hpp", "C++", 11, 0, 0, 0, 0, 0, 2, 2, 15
"c:\Users\msi\source\repos\LearnOpenGL\include\glm\vec4.hpp", "C++", 11, 0, 0, 0, 0, 0, 2, 3, 16
"c:\Users\msi\source\repos\LearnOpenGL\include\glm\vector_relational.hpp", "C++", 25, 0, 0, 0, 0, 0, 82, 15, 122
"c:\Users\msi\source\repos\LearnOpenGL\include\mesh.h", "C++", 94, 0, 0, 0, 0, 0, 19, 24, 137
"c:\Users\msi\source\repos\LearnOpenGL\include\model.h", "C++", 162, 0, 0, 0, 0, 0, 17, 39, 218
"c:\Users\msi\source\repos\LearnOpenGL\include\shader_m.h", "C++", 133, 0, 0, 0, 0, 0, 27, 6, 166
"c:\Users\msi\source\repos\LearnOpenGL\include\stb_image.h", "C++", 5265, 0, 0, 0, 0, 0, 1153, 776, 7194
"c:\Users\msi\source\repos\LearnOpenGL\lib\cmake\assimp-5.3\assimpConfig.cmake", "CMake", 0, 0, 0, 0, 26, 0, 0, 8, 34
"c:\Users\msi\source\repos\LearnOpenGL\lib\cmake\assimp-5.3\assimpConfigVersion.cmake", "CMake", 0, 0, 0, 0, 56, 0, 0, 10, 66
"c:\Users\msi\source\repos\LearnOpenGL\lib\cmake\assimp-5.3\assimpTargets-release.cmake", "CMake", 0, 0, 0, 0, 23, 0, 0, 7, 30
"c:\Users\msi\source\repos\LearnOpenGL\lib\cmake\assimp-5.3\assimpTargets.cmake", "CMake", 0, 0, 0, 0, 96, 0, 0, 15, 111
"c:\Users\msi\source\repos\LearnOpenGL\proj10_camera\src\camera_mov.cpp", "C++", 202, 0, 0, 0, 0, 0, 22, 57, 281
"c:\Users\msi\source\repos\LearnOpenGL\proj10_camera\src\camera_mov.h", "C++", 4, 0, 0, 0, 0, 0, 0, 2, 6
"c:\Users\msi\source\repos\LearnOpenGL\proj10_camera\src\camera_test.cpp", "C++", 193, 0, 0, 0, 0, 0, 21, 55, 269
"c:\Users\msi\source\repos\LearnOpenGL\proj10_camera\src\camera_test.h", "C++", 4, 0, 0, 0, 0, 0, 0, 2, 6
"c:\Users\msi\source\repos\LearnOpenGL\proj10_camera\src\camera_zoom.cpp", "C++", 229, 0, 0, 0, 0, 0, 25, 50, 304
"c:\Users\msi\source\repos\LearnOpenGL\proj10_camera\src\camera_zoom.h", "C++", 4, 0, 0, 0, 0, 0, 0, 2, 6
"c:\Users\msi\source\repos\LearnOpenGL\proj10_camera\src\main.cpp", "C++", 5, 0, 0, 0, 0, 0, 0, 3, 8
"c:\Users\msi\source\repos\LearnOpenGL\proj11_colors\shaders\colors.fs", "F#", 0, 0, 0, 0, 0, 8, 0, 2, 10
"c:\Users\msi\source\repos\LearnOpenGL\proj11_colors\shaders\light_cube.fs", "F#", 0, 0, 0, 0, 0, 6, 0, 1, 7
"c:\Users\msi\source\repos\LearnOpenGL\proj11_colors\src\colors.cpp", "C++", 182, 0, 0, 0, 0, 0, 32, 59, 273
"c:\Users\msi\source\repos\LearnOpenGL\proj11_colors\src\colors.h", "C++", 4, 0, 0, 0, 0, 0, 0, 2, 6
"c:\Users\msi\source\repos\LearnOpenGL\proj11_colors\src\main.cpp", "C++", 5, 0, 0, 0, 0, 0, 0, 3, 8
"c:\Users\msi\source\repos\LearnOpenGL\proj12_diffuse\shaders\basic_lighting.fs", "F#", 0, 0, 0, 0, 0, 18, 2, 4, 24
"c:\Users\msi\source\repos\LearnOpenGL\proj12_diffuse\shaders\gouraud_specular_basic_lighting.fs", "F#", 0, 0, 0, 0, 0, 24, 3, 9, 36
"c:\Users\msi\source\repos\LearnOpenGL\proj12_diffuse\shaders\light_cube.fs", "F#", 0, 0, 0, 0, 0, 6, 0, 1, 7
"c:\Users\msi\source\repos\LearnOpenGL\proj12_diffuse\shaders\specular_basic_lighting.fs", "F#", 0, 0, 0, 0, 0, 23, 3, 9, 35
"c:\Users\msi\source\repos\LearnOpenGL\proj12_diffuse\src\diffuse.cpp", "C++", 184, 0, 0, 0, 0, 0, 26, 59, 269
"c:\Users\msi\source\repos\LearnOpenGL\proj12_diffuse\src\diffuse.h", "C++", 4, 0, 0, 0, 0, 0, 0, 2, 6
"c:\Users\msi\source\repos\LearnOpenGL\proj12_diffuse\src\main.cpp", "C++", 5, 0, 0, 0, 0, 0, 0, 3, 8
"c:\Users\msi\source\repos\LearnOpenGL\proj12_diffuse\src\specular.cpp", "C++", 192, 0, 0, 0, 0, 0, 18, 65, 275
"c:\Users\msi\source\repos\LearnOpenGL\proj12_diffuse\src\specular.h", "C++", 4, 0, 0, 0, 0, 0, 0, 2, 6
"c:\Users\msi\source\repos\LearnOpenGL\proj13_material\shaders\3.2.light_cube.fs", "F#", 0, 0, 0, 0, 0, 6, 0, 1, 7
"c:\Users\msi\source\repos\LearnOpenGL\proj13_material\shaders\3.2.materials.fs", "F#", 0, 0, 0, 0, 0, 33, 3, 9, 45
"c:\Users\msi\source\repos\LearnOpenGL\proj13_material\shaders\light_cube.fs", "F#", 0, 0, 0, 0, 0, 13, 0, 2, 15
"c:\Users\msi\source\repos\LearnOpenGL\proj13_material\shaders\material.fs", "F#", 0, 0, 0, 0, 0, 34, 3, 13, 50
"c:\Users\msi\source\repos\LearnOpenGL\proj13_material\src\exec1.cpp", "C++", 188, 0, 0, 0, 0, 0, 53, 54, 295
"c:\Users\msi\source\repos\LearnOpenGL\proj13_material\src\exec1.h", "C++", 4, 0, 0, 0, 0, 0, 0, 2, 6
"c:\Users\msi\source\repos\LearnOpenGL\proj13_material\src\main.cpp", "C++", 5, 0, 0, 0, 0, 0, 0, 4, 9
"c:\Users\msi\source\repos\LearnOpenGL\proj13_material\src\material.cpp", "C++", 201, 0, 0, 0, 0, 0, 29, 62, 292
"c:\Users\msi\source\repos\LearnOpenGL\proj13_material\src\material.h", "C++", 4, 0, 0, 0, 0, 0, 0, 2, 6
"c:\Users\msi\source\repos\LearnOpenGL\proj14_lightmap\shaders\light_cube.fs", "F#", 0, 0, 0, 0, 0, 13, 0, 2, 15
"c:\Users\msi\source\repos\LearnOpenGL\proj14_lightmap\shaders\lighting_maps_diffuse.fs", "F#", 0, 0, 0, 0, 0, 33, 3, 14, 50
"c:\Users\msi\source\repos\LearnOpenGL\proj14_lightmap\shaders\lighting_maps_specular.fs", "F#", 0, 0, 0, 0, 0, 35, 3, 15, 53
"c:\Users\msi\source\repos\LearnOpenGL\proj14_lightmap\src\diffuse.cpp", "C++", 236, 0, 0, 0, 0, 0, 31, 73, 340
"c:\Users\msi\source\repos\LearnOpenGL\proj14_lightmap\src\diffuse.h", "C++", 4, 0, 0, 0, 0, 0, 0, 2, 6
"c:\Users\msi\source\repos\LearnOpenGL\proj14_lightmap\src\main.cpp", "C++", 5, 0, 0, 0, 0, 0, 0, 4, 9
"c:\Users\msi\source\repos\LearnOpenGL\proj14_lightmap\src\specular.cpp", "C++", 245, 0, 0, 0, 0, 0, 33, 76, 354
"c:\Users\msi\source\repos\LearnOpenGL\proj14_lightmap\src\specular.h", "C++", 4, 0, 0, 0, 0, 0, 0, 2, 6
"c:\Users\msi\source\repos\LearnOpenGL\proj15_lightcast\shaders\light_cube.fs", "F#", 0, 0, 0, 0, 0, 13, 0, 2, 15
"c:\Users\msi\source\repos\LearnOpenGL\proj15_lightcast\shaders\lighting_cast_direction.fs", "F#", 0, 0, 0, 0, 0, 34, 6, 15, 55
"c:\Users\msi\source\repos\LearnOpenGL\proj15_lightcast\shaders\lighting_cast_point.fs", "F#", 0, 0, 0, 0, 0, 39, 6, 17, 62
"c:\Users\msi\source\repos\LearnOpenGL\proj15_lightcast\src\light_direction.cpp", "C++", 258, 0, 0, 0, 0, 0, 25, 82, 365
"c:\Users\msi\source\repos\LearnOpenGL\proj15_lightcast\src\light_direction.h", "C++", 4, 0, 0, 0, 0, 0, 0, 2, 6
"c:\Users\msi\source\repos\LearnOpenGL\proj15_lightcast\src\light_point.cpp", "C++", 262, 0, 0, 0, 0, 0, 24, 82, 368
"c:\Users\msi\source\repos\LearnOpenGL\proj15_lightcast\src\light_point.h", "C++", 4, 0, 0, 0, 0, 0, 0, 2, 6
"c:\Users\msi\source\repos\LearnOpenGL\proj15_lightcast\src\main.cpp", "C++", 5, 0, 0, 0, 0, 0, 0, 4, 9
"c:\Users\msi\source\repos\LearnOpenGL\proj16_lightmultiple\shaders\light_cube.fs", "F#", 0, 0, 0, 0, 0, 6, 0, 1, 7
"c:\Users\msi\source\repos\LearnOpenGL\proj16_lightmultiple\shaders\lighting_multiple.fs", "F#", 0, 0, 0, 0, 0, 63, 10, 26, 99
"c:\Users\msi\source\repos\LearnOpenGL\proj16_lightmultiple\src\light_multiple.cpp", "C++", 289, 0, 0, 0, 0, 0, 29, 85, 403
"c:\Users\msi\source\repos\LearnOpenGL\proj16_lightmultiple\src\light_multiple.h", "C++", 4, 0, 0, 0, 0, 0, 0, 2, 6
"c:\Users\msi\source\repos\LearnOpenGL\proj16_lightmultiple\src\main.cpp", "C++", 5, 0, 0, 0, 0, 0, 0, 4, 9
"c:\Users\msi\source\repos\LearnOpenGL\proj17_models\shaders\light_cube.fs", "F#", 0, 0, 0, 0, 0, 6, 0, 1, 7
"c:\Users\msi\source\repos\LearnOpenGL\proj17_models\shaders\model_loading.fs", "F#", 0, 0, 0, 0, 0, 52, 8, 17, 77
"c:\Users\msi\source\repos\LearnOpenGL\proj17_models\src\main.cpp", "C++", 219, 0, 0, 0, 0, 0, 26, 57, 302
"c:\Users\msi\source\repos\LearnOpenGL\proj18_depth_testing\shaders\depth_testing.fs", "F#", 0, 0, 0, 0, 0, 8, 0, 3, 11
"c:\Users\msi\source\repos\LearnOpenGL\proj18_depth_testing\shaders\depth_view.fs", "F#", 0, 0, 0, 0, 0, 16, 0, 2, 18
"c:\Users\msi\source\repos\LearnOpenGL\proj18_depth_testing\src\depth_testing.cpp", "C++", 235, 0, 0, 0, 0, 0, 22, 67, 324
"c:\Users\msi\source\repos\LearnOpenGL\proj18_depth_testing\src\depth_testing.h", "C++", 4, 0, 0, 0, 0, 0, 0, 1, 5
"c:\Users\msi\source\repos\LearnOpenGL\proj18_depth_testing\src\depth_view.cpp", "C++", 235, 0, 0, 0, 0, 0, 22, 67, 324
"c:\Users\msi\source\repos\LearnOpenGL\proj18_depth_testing\src\depth_view.h", "C++", 4, 0, 0, 0, 0, 0, 0, 1, 5
"c:\Users\msi\source\repos\LearnOpenGL\proj18_depth_testing\src\main.cpp", "C++", 5, 0, 0, 0, 0, 0, 0, 3, 8
"c:\Users\msi\source\repos\LearnOpenGL\proj19_stencil_testing\shaders\stencil_single_color.fs", "F#", 0, 0, 0, 0, 0, 6, 0, 1, 7
"c:\Users\msi\source\repos\LearnOpenGL\proj19_stencil_testing\shaders\stencil_testing.fs", "F#", 0, 0, 0, 0, 0, 8, 0, 3, 11
"c:\Users\msi\source\repos\LearnOpenGL\proj19_stencil_testing\src\main.cpp", "C++", 5, 0, 0, 0, 0, 0, 0, 3, 8
"c:\Users\msi\source\repos\LearnOpenGL\proj19_stencil_testing\src\stencil_testing.cpp", "C++", 268, 0, 0, 0, 0, 0, 29, 71, 368
"c:\Users\msi\source\repos\LearnOpenGL\proj19_stencil_testing\src\stencil_testing.h", "C++", 4, 0, 0, 0, 0, 0, 0, 1, 5
"c:\Users\msi\source\repos\LearnOpenGL\proj20_blending\shaders\blending_discard.fs", "F#", 0, 0, 0, 0, 0, 12, 0, 2, 14
"c:\Users\msi\source\repos\LearnOpenGL\proj20_blending\shaders\blending_sort.fs", "F#", 0, 0, 0, 0, 0, 12, 0, 2, 14
"c:\Users\msi\source\repos\LearnOpenGL\proj20_blending\src\blending_discard.cpp", "C++", 271, 0, 0, 0, 0, 0, 28, 66, 365
"c:\Users\msi\source\repos\LearnOpenGL\proj20_blending\src\blending_discard.h", "C++", 4, 0, 0, 0, 0, 0, 0, 1, 5
"c:\Users\msi\source\repos\LearnOpenGL\proj20_blending\src\blending_sort.cpp", "C++", 281, 0, 0, 0, 0, 0, 28, 71, 380
"c:\Users\msi\source\repos\LearnOpenGL\proj20_blending\src\blending_sort.h", "C++", 4, 0, 0, 0, 0, 0, 0, 1, 5
"c:\Users\msi\source\repos\LearnOpenGL\proj20_blending\src\main.cpp", "C++", 5, 0, 0, 0, 0, 0, 0, 3, 8
"c:\Users\msi\source\repos\LearnOpenGL\proj21_face_culling\shaders\face_culling.fs", "F#", 0, 0, 0, 0, 0, 15, 1, 2, 18
"c:\Users\msi\source\repos\LearnOpenGL\proj21_face_culling\src\face_culling.cpp", "C++", 239, 0, 0, 0, 0, 0, 22, 69, 330
"c:\Users\msi\source\repos\LearnOpenGL\proj21_face_culling\src\face_culling.h", "C++", 4, 0, 0, 0, 0, 0, 0, 1, 5
"c:\Users\msi\source\repos\LearnOpenGL\proj21_face_culling\src\main.cpp", "C++", 5, 0, 0, 0, 0, 0, 0, 3, 8
"c:\Users\msi\source\repos\LearnOpenGL\proj22_framebuffer\shaders\framebuffer.fs", "F#", 0, 0, 0, 0, 0, 8, 0, 4, 12
"c:\Users\msi\source\repos\LearnOpenGL\proj22_framebuffer\shaders\framebuffer_screen.fs", "F#", 0, 0, 0, 0, 0, 16, 0, 6, 22
"c:\Users\msi\source\repos\LearnOpenGL\proj22_framebuffer\src\framebuffer.cpp", "C++", 290, 0, 0, 0, 0, 0, 32, 75, 397
"c:\Users\msi\source\repos\LearnOpenGL\proj22_framebuffer\src\framebuffer.h", "C++", 4, 0, 0, 0, 0, 0, 0, 1, 5
"c:\Users\msi\source\repos\LearnOpenGL\proj22_framebuffer\src\framebuffer_mirror.cpp", "C++", 336, 0, 0, 0, 0, 0, 39, 78, 453
"c:\Users\msi\source\repos\LearnOpenGL\proj22_framebuffer\src\framebuffer_mirror.h", "C++", 4, 0, 0, 0, 0, 0, 0, 1, 5
"c:\Users\msi\source\repos\LearnOpenGL\proj22_framebuffer\src\main.cpp", "C++", 5, 0, 0, 0, 0, 0, 0, 3, 8
"c:\Users\msi\source\repos\LearnOpenGL\proj23_cubemaps\shaders\cubemaps.fs", "F#", 0, 0, 0, 0, 0, 8, 0, 3, 11
"c:\Users\msi\source\repos\LearnOpenGL\proj23_cubemaps\shaders\env_cubemaps.fs", "F#", 0, 0, 0, 0, 0, 12, 0, 3, 15
"c:\Users\msi\source\repos\LearnOpenGL\proj23_cubemaps\shaders\env_skybox.fs", "F#", 0, 0, 0, 0, 0, 8, 0, 3, 11
"c:\Users\msi\source\repos\LearnOpenGL\proj23_cubemaps\shaders\skybox.fs", "F#", 0, 0, 0, 0, 0, 8, 0, 3, 11
"c:\Users\msi\source\repos\LearnOpenGL\proj23_cubemaps\src\cubemaps_env.cpp", "C++", 331, 0, 0, 0, 0, 0, 38, 75, 444
"c:\Users\msi\source\repos\LearnOpenGL\proj23_cubemaps\src\cubemaps_env.h", "C++", 4, 0, 0, 0, 0, 0, 0, 1, 5
"c:\Users\msi\source\repos\LearnOpenGL\proj23_cubemaps\src\cubemaps_skybox.cpp", "C++", 333, 0, 0, 0, 0, 0, 34, 75, 442
"c:\Users\msi\source\repos\LearnOpenGL\proj23_cubemaps\src\cubemaps_skybox.h", "C++", 4, 0, 0, 0, 0, 0, 0, 1, 5
"c:\Users\msi\source\repos\LearnOpenGL\proj23_cubemaps\src\main.cpp", "C++", 5, 0, 0, 0, 0, 0, 0, 3, 8
"c:\Users\msi\source\repos\LearnOpenGL\proj24_advanced_glsl\shaders\blue.fs", "F#", 0, 0, 0, 0, 0, 5, 0, 1, 6
"c:\Users\msi\source\repos\LearnOpenGL\proj24_advanced_glsl\shaders\green.fs", "F#", 0, 0, 0, 0, 0, 5, 0, 1, 6
"c:\Users\msi\source\repos\LearnOpenGL\proj24_advanced_glsl\shaders\red.fs", "F#", 0, 0, 0, 0, 0, 5, 0, 1, 6
"c:\Users\msi\source\repos\LearnOpenGL\proj24_advanced_glsl\shaders\yellow.fs", "F#", 0, 0, 0, 0, 0, 5, 0, 1, 6
"c:\Users\msi\source\repos\LearnOpenGL\proj24_advanced_glsl\src\main.cpp", "C++", 261, 0, 0, 0, 0, 0, 32, 61, 354
"c:\Users\msi\source\repos\LearnOpenGL\proj25_instancing\shaders\asteroids.fs", "F#", 0, 0, 0, 0, 0, 8, 0, 3, 11
"c:\Users\msi\source\repos\LearnOpenGL\proj25_instancing\shaders\asteroids_instancing.fs", "F#", 0, 0, 0, 0, 0, 8, 0, 3, 11
"c:\Users\msi\source\repos\LearnOpenGL\proj25_instancing\shaders\instancing_quad.fs", "F#", 0, 0, 0, 0, 0, 7, 0, 2, 9
"c:\Users\msi\source\repos\LearnOpenGL\proj25_instancing\shaders\planet.fs", "F#", 0, 0, 0, 0, 0, 8, 0, 3, 11
"c:\Users\msi\source\repos\LearnOpenGL\proj25_instancing\src\asteroids.cpp", "C++", 182, 0, 0, 0, 0, 0, 17, 53, 252
"c:\Users\msi\source\repos\LearnOpenGL\proj25_instancing\src\asteroids.h", "C++", 4, 0, 0, 0, 0, 0, 0, 2, 6
"c:\Users\msi\source\repos\LearnOpenGL\proj25_instancing\src\asteroids_instancing.cpp", "C++", 179, 0, 0, 0, 0, 0, 20, 54, 253
"c:\Users\msi\source\repos\LearnOpenGL\proj25_instancing\src\asteroids_instancing.h", "C++", 4, 0, 0, 0, 0, 0, 0, 2, 6
"c:\Users\msi\source\repos\LearnOpenGL\proj25_instancing\src\instancing_quad.cpp", "C++", 210, 0, 0, 0, 0, 0, 24, 54, 288
"c:\Users\msi\source\repos\LearnOpenGL\proj25_instancing\src\instancing_quad.h", "C++", 4, 0, 0, 0, 0, 0, 0, 2, 6
"c:\Users\msi\source\repos\LearnOpenGL\proj25_instancing\src\main.cpp", "C++", 5, 0, 0, 0, 0, 0, 0, 4, 9
"c:\Users\msi\source\repos\LearnOpenGL\proj6_shader\src\interpolation.cpp", "C++", 96, 0, 0, 0, 0, 0, 2, 28, 126
"c:\Users\msi\source\repos\LearnOpenGL\proj6_shader\src\interpolation.h", "C++", 4, 0, 0, 0, 0, 0, 0, 1, 5
"c:\Users\msi\source\repos\LearnOpenGL\proj6_shader\src\main.cpp", "C++", 5, 0, 0, 0, 0, 0, 0, 3, 8
"c:\Users\msi\source\repos\LearnOpenGL\proj6_shader\src\uniform.cpp", "C++", 86, 0, 0, 0, 0, 0, 8, 30, 124
"c:\Users\msi\source\repos\LearnOpenGL\proj6_shader\src\uniform.h", "C++", 4, 0, 0, 0, 0, 0, 0, 2, 6
"c:\Users\msi\source\repos\LearnOpenGL\proj7_texture\src\combine_tex.cpp", "C++", 150, 0, 0, 0, 0, 0, 15, 41, 206
"c:\Users\msi\source\repos\LearnOpenGL\proj7_texture\src\combine_tex.h", "C++", 4, 0, 0, 0, 0, 0, 0, 2, 6
"c:\Users\msi\source\repos\LearnOpenGL\proj7_texture\src\main.cpp", "C++", 5, 0, 0, 0, 0, 0, 0, 3, 8
"c:\Users\msi\source\repos\LearnOpenGL\proj7_texture\src\texture.cpp", "C++", 113, 0, 0, 0, 0, 0, 21, 38, 172
"c:\Users\msi\source\repos\LearnOpenGL\proj7_texture\src\texture.h", "C++", 4, 0, 0, 0, 0, 0, 0, 2, 6
"c:\Users\msi\source\repos\LearnOpenGL\proj8_trans\src\main.cpp", "C++", 5, 0, 0, 0, 0, 0, 0, 3, 8
"c:\Users\msi\source\repos\LearnOpenGL\proj8_trans\src\trans.cpp", "C++", 149, 0, 0, 0, 0, 0, 24, 42, 215
"c:\Users\msi\source\repos\LearnOpenGL\proj8_trans\src\trans.h", "C++", 4, 0, 0, 0, 0, 0, 0, 2, 6
"c:\Users\msi\source\repos\LearnOpenGL\proj9_coords\src\coords.cpp", "C++", 218, 0, 0, 0, 0, 0, 22, 54, 294
"c:\Users\msi\source\repos\LearnOpenGL\proj9_coords\src\coords.h", "C++", 4, 0, 0, 0, 0, 0, 0, 2, 6
"c:\Users\msi\source\repos\LearnOpenGL\proj9_coords\src\main.cpp", "C++", 7, 0, 0, 0, 0, 0, 0, 3, 10
"c:\Users\msi\source\repos\LearnOpenGL\proj9_coords\src\multiple.cpp", "C++", 234, 0, 0, 0, 0, 0, 24, 55, 313
"c:\Users\msi\source\repos\LearnOpenGL\proj9_coords\src\multiple.h", "C++", 4, 0, 0, 0, 0, 0, 0, 2, 6
"c:\Users\msi\source\repos\LearnOpenGL\src\glad.c", "C", 0, 0, 1769, 0, 0, 0, 25, 47, 1841
"c:\Users\msi\source\repos\LearnOpenGL\src\hello_triangle.cpp", "C++", 81, 0, 0, 0, 0, 0, 8, 30, 119
"c:\Users\msi\source\repos\LearnOpenGL\src\hello_triangle_indexed.cpp", "C++", 115, 0, 0, 0, 0, 0, 9, 35, 159
"c:\Users\msi\source\repos\LearnOpenGL\src\main.cpp", "C++", 9, 0, 0, 0, 0, 0, 0, 6, 15
"c:\Users\msi\source\repos\LearnOpenGL\src\stb_image.cpp", "C++", 2, 0, 0, 0, 0, 0, 0, 0, 2
"Total", "-", 108555, 406, 30638, 3006, 365, 653, 44823, 27635, 216081